pep,score,allele
HIYTFWRL,1,H-2-Kb
IGYLFRPL,1,H-2-Kb
IITRYYPL,1,H-2-Kb
IIVGFSNL,1,H-2-Kb
IIYKVAPL,1,H-2-Kb
INFQFNNV,1,H-2-Kb
ISIAFMSL,1,H-2-Kb
LGFLFHYL,1,H-2-Kb
LIFAFSTL,1,H-2-Kb
LIFSYAFL,1,H-2-Kb
LNYIFNFL,1,H-2-Kb
LSYNIYPFL,1,H-2-Kb
MVYEFPTL,1,H-2-Kb
SGYNFSLGAAV,1,H-2-Kb
SIFRFLNI,1,H-2-Kb
SSYVFRGV,1,H-2-Kb
STFYYNLL,1,H-2-Kb
TGFSFSNL,1,H-2-Kb
TIVDFLSRL,1,H-2-Kb
VGYYFGYL,1,H-2-Kb
VIWWFLGL,1,H-2-Kb
VIYLFLIL,1,H-2-Kb
VNYGYQRL,1,H-2-Kb
VSLAFVGL,1,H-2-Kb
VVFSFYVL,1,H-2-Kb
ANYYYTHL,1,H-2-Kb
ATFSFFML,1,H-2-Kb
FAFGYMNL,1,H-2-Kb
FAPGNYPAL,1,H-2-Kb
IAFGFSQL,1,H-2-Kb
IIIPFIAYF,1,H-2-Kb
IMYRYGNL,1,H-2-Kb
LTFNYRNL,1,H-2-Kb
MALLFKNL,1,H-2-Kb
MSMKYLML,1,H-2-Kb
RGYVYQGL,1,H-2-Kb
RVFLFGNL,1,H-2-Kb
SGFYFAML,1,H-2-Kb
SGIVYIHL,1,H-2-Kb
SILVFRPL,1,H-2-Kb
SNFVFAGI,1,H-2-Kb
SQYYFSML,1,H-2-Kb
SRISRFANL,1,H-2-Kb
SVYDFYVWM,1,H-2-Kb
TSFQFYNV,1,H-2-Kb
TSYQYLII,1,H-2-Kb
VFFLFVGL,1,H-2-Kb
VGLSYSQTM,1,H-2-Kb
VLFLHLYL,1,H-2-Kb
VLYPFFLL,1,H-2-Kb
VSFLFAWI,1,H-2-Kb
VSLEYNLL,1,H-2-Kb
YTWKYPNL,1,H-2-Kb
ALYYVHSL,1,H-2-Kb
ATYQYEAL,1,H-2-Kb
FAPLFTNL,1,H-2-Kb
IHFSFPFV,1,H-2-Kb
ITYNYQLF,1,H-2-Kb
ITYRFYLINL,1,H-2-Kb
KQYIVATL,1,H-2-Kb
LMYIFAAL,1,H-2-Kb
LNFRFENV,1,H-2-Kb
LSYIYNML,1,H-2-Kb
MTYVAAEL,1,H-2-Kb
NTYLFNIL,1,H-2-Kb
RGYAFKNL,1,H-2-Kb
SFIEVISL,1,H-2-Kb
SMFTFAML,1,H-2-Kb
SNRRFLPL,1,H-2-Kb
SQYEYTTV,1,H-2-Kb
SSIEFARL,1,H-2-Kb
TSIMFLPL,1,H-2-Kb
TVYVFPNT,1,H-2-Kb
VHIYFVSL,1,H-2-Kb
VIYIFTVRL,1,H-2-Kb
VMFIFAYI,1,H-2-Kb
VMYAFTTPL,1,H-2-Kb
VTLIYNYL,1,H-2-Kb
VVFDFASL,1,H-2-Kb
YGAINFINL,1,H-2-Kb
AAFEFINSL,1,H-2-Kb
AIVNYANL,1,H-2-Kb
ANFKFRDL,1,H-2-Kb
ASFVFFKL,1,H-2-Kb
AVLAFVAL,1,H-2-Kb
IGLIYPNV,1,H-2-Kb
INFNYSIL,1,H-2-Kb
ITYAVATL,1,H-2-Kb
KSPIYYFL,1,H-2-Kb
LIYQFDRL,1,H-2-Kb
MGYTYARV,1,H-2-Kb
RAYIYLRL,1,H-2-Kb
SIYGFGVTF,1,H-2-Kb
TNYSYYFL,1,H-2-Kb
TVFNFAYL,1,H-2-Kb
VFYYFPLL,1,H-2-Kb
VNLEAFSLM,1,H-2-Kb
VSILFAFV,1,H-2-Kb
VSLDYINTM,1,H-2-Kb
VSYVVTYL,1,H-2-Kb
VTPLFSPL,1,H-2-Kb
YNFEYANV,1,H-2-Kb
YNYFFMPL,1,H-2-Kb
AVFIFYLL,1,H-2-Kb
GVYQFKSV,1,H-2-Kb
IAFVFAEL,1,H-2-Kb
ISFMYVFI,1,H-2-Kb
LAPVFAFL,1,H-2-Kb
MGYIYNRM,1,H-2-Kb
MHYVYAAL,1,H-2-Kb
MSRKFMQV,1,H-2-Kb
PSLLNSDVI,1,H-2-Kb
SDLFPSFVRL,1,H-2-Kb
SIINFEKL,1,H-2-Kb
SSWDFITV,1,H-2-Kb
SVYLHTNL,1,H-2-Kb
TSYKFESV,1,H-2-Kb
TSYLFASL,1,H-2-Kb
VFIDIREL,1,H-2-Kb
VIIQYSAL,1,H-2-Kb
VMVTITQNV,1,H-2-Kb
VNLAYSKL,1,H-2-Kb
VTYDFARL,1,H-2-Kb
VTYGYGSL,1,H-2-Kb
ISFLFNRI,0.997509,H-2-Kb
SSFRFRGM,0.99727,H-2-Kb
IQYNFAPV,0.996936,H-2-Kb
TIQRFSSL,0.994834,H-2-Kb
VVYTFSGL,0.99398,H-2-Kb
VSIFYVPL,0.993613,H-2-Kb
SSISFCGV,0.992887,H-2-Kb
VQYSNYSFL,0.992887,H-2-Kb
FGFAFGYM,0.992887,H-2-Kb
SIYRYYGL,0.9913,H-2-Kb
LSPAYYML,0.991191,H-2-Kb
RSIDFERV,0.991191,H-2-Kb
ITYSFHSI,0.990879,H-2-Kb
LAYIFYLL,0.989651,H-2-Kb
VFVILARL,0.988704,H-2-Kb
FVYQFHHL,0.988674,H-2-Kb
IKYFFNPL,0.988141,H-2-Kb
AVYNFATC,0.987083,H-2-Kb
IIFIFSTL,0.984448,H-2-Kb
LMYDIINSV,0.983149,H-2-Kb
INYKYRVM,0.982779,H-2-Kb
ISFKFAYS,0.98149,H-2-Kb
SFYRFFLV,0.98109,H-2-Kb
SAVDFLERL,0.980178,H-2-Kb
KSYILTTL,0.980027,H-2-Kb
FSFCFALL,0.979206,H-2-Kb
ILFTYLHL,0.97864,H-2-Kb
LSYNYIPV,0.977909,H-2-Kb
ISYCYSFL,0.977478,H-2-Kb
KSYNYMLL,0.977278,H-2-Kb
VTFGWYRL,0.975186,H-2-Kb
SSLSFLSL,0.975043,H-2-Kb
FSFFYTAL,0.974408,H-2-Kb
IMFSKSLNF,0.974124,H-2-Kb
MGYCFGGL,0.969385,H-2-Kb
FSILYSVL,0.969294,H-2-Kb
SNYHYSPI,0.969037,H-2-Kb
SVYDFFVWL,0.968645,H-2-Kb
VSIAYNAL,0.968596,H-2-Kb
ANYFYANV,0.965987,H-2-Kb
SQVSFQQPL,0.965177,H-2-Kb
TIFKYIGL,0.96456,H-2-Kb
YSPGKYAPL,0.964442,H-2-Kb
DSIYQYVRL,0.964393,H-2-Kb
KSFIFYCL,0.964107,H-2-Kb
AIFRRFPHL,0.964107,H-2-Kb
ISHNFCNL,0.963144,H-2-Kb
VTVEYITR,0.962594,H-2-Kb
INQLFRVL,0.961257,H-2-Kb
IGFAFYML,0.960275,H-2-Kb
LGYDYSYL,0.960186,H-2-Kb
SIIQAHNL,0.959968,H-2-Kb
VSYLCHLI,0.95831,H-2-Kb
LGYVYARA,0.958172,H-2-Kb
RSFAFLEL,0.957571,H-2-Kb
FAPRYLTL,0.956817,H-2-Kb
IGPLWARL,0.955427,H-2-Kb
KTYHYHSL,0.954386,H-2-Kb
VTRRFPIL,0.953843,H-2-Kb
VLLEFQSHL,0.951503,H-2-Kb
IIYVFFIV,0.951159,H-2-Kb
SIFRYSSV,0.948271,H-2-Kb
EQFTFSNV,0.947514,H-2-Kb
IQYDKHCYL,0.945675,H-2-Kb
MVLRYAHL,0.945408,H-2-Kb
YSFRYPFL,0.945036,H-2-Kb
VSQLFSML,0.942731,H-2-Kb
VIFFFERV,0.942458,H-2-Kb
ISFIYALW,0.94199,H-2-Kb
KILLFSGL,0.940996,H-2-Kb
IHYLFRCV,0.939721,H-2-Kb
KNYLFNAI,0.939663,H-2-Kb
LVIKALLEV,0.938194,H-2-Kb
TMYNIRNNL,0.936866,H-2-Kb
INNTFLHL,0.935937,H-2-Kb
ISYGHHYL,0.931883,H-2-Kb
QTFDFGRL,0.931428,H-2-Kb
SQFSYKEL,0.930061,H-2-Kb
IILEFFLI,0.927704,H-2-Kb
RTKMFTRL,0.927128,H-2-Kb
ASFVFVIL,0.925885,H-2-Kb
VCYYLLMHL,0.923967,H-2-Kb
TIYRMVDL,0.923921,H-2-Kb
VQFLFSSM,0.92302,H-2-Kb
VIYDFLVKT,0.922602,H-2-Kb
ISFFFVNF,0.922365,H-2-Kb
VVGWFLYL,0.921895,H-2-Kb
VSAAFYHL,0.921822,H-2-Kb
SSMRYTCL,0.921426,H-2-Kb
VIQRYVSL,0.920312,H-2-Kb
KTFDHTLMSI,0.920249,H-2-Kb
LVFRFSEV,0.919922,H-2-Kb
INVEYRFL,0.919472,H-2-Kb
VAVSFVTL,0.918877,H-2-Kb
RGPFFVGL,0.917181,H-2-Kb
LNFLHRLSV,0.915848,H-2-Kb
ITFTYPHI,0.913686,H-2-Kb
ILQAFAPL,0.913209,H-2-Kb
KSYPYLYL,0.912084,H-2-Kb
KNFLKQVYF,0.912045,H-2-Kb
ISGFFIPL,0.912005,H-2-Kb
AAINFITTM,0.911195,H-2-Kb
FAFLYLLV,0.908944,H-2-Kb
ANFSFRNTL,0.908543,H-2-Kb
YTVRYPNL,0.907131,H-2-Kb
IALVHQYYI,0.906219,H-2-Kb
KTYLFYDL,0.906192,H-2-Kb
VQYRHVEL,0.904936,H-2-Kb
ITWKYPSV,0.904884,H-2-Kb
MGLKFRQL,0.90288,H-2-Kb
SVYGFTGV,0.90244,H-2-Kb
VARVFLGL,0.901596,H-2-Kb
IIYCYSQV,0.90064,H-2-Kb
TNLEYKTL,0.899992,H-2-Kb
AGLTYSQL,0.899703,H-2-Kb
SWVPRLYQL,0.898217,H-2-Kb
RTFSFQLI,0.896632,H-2-Kb
VSPVYPHGL,0.896385,H-2-Kb
TIIEAYNL,0.894987,H-2-Kb
AIAPFRHL,0.894374,H-2-Kb
TSLNFYRL,0.893111,H-2-Kb
ISLLFLLL,0.89273,H-2-Kb
FSFRYPFV,0.890197,H-2-Kb
IAFVVCNL,0.89014,H-2-Kb
ISPLMVAYM,0.887988,H-2-Kb
MMILSFTPM,0.887718,H-2-Kb
KGFWYAHI,0.886895,H-2-Kb
MSQLYPQL,0.885353,H-2-Kb
VSRQHAYL,0.884556,H-2-Kb
IFYLHSRL,0.88341,H-2-Kb
VTKYYINL,0.882536,H-2-Kb
RNPRFYNL,0.881876,H-2-Kb
FQFIFFLL,0.880591,H-2-Kb
VGLNYLNL,0.878351,H-2-Kb
RAFDFKQL,0.877905,H-2-Kb
VVVLYSPL,0.876111,H-2-Kb
VATTFVTPM,0.875135,H-2-Kb
INYVETKYF,0.869196,H-2-Kb
VQYIKFIFL,0.868472,H-2-Kb
IGYMVKNV,0.868249,H-2-Kb
IGWHYRPL,0.866491,H-2-Kb
SSLPFQNI,0.866489,H-2-Kb
IIYSHKNNL,0.863798,H-2-Kb
FIFLYRSL,0.86005,H-2-Kb
ITVKYPNL,0.8596,H-2-Kb
QSFDYLPL,0.859407,H-2-Kb
ATYFLAAV,0.854837,H-2-Kb
SSFVKKFGL,0.853258,H-2-Kb
TTPAYSLL,0.852702,H-2-Kb
TDYYFSHL,0.852347,H-2-Kb
LLLRFPAL,0.851522,H-2-Kb
TAYALAVL,0.847571,H-2-Kb
VAYLGAFL,0.847509,H-2-Kb
VFCALARL,0.847198,H-2-Kb
SAFEWHLTF,0.846691,H-2-Kb
IDYRFEQL,0.846096,H-2-Kb
YSFGYNNL,0.845762,H-2-Kb
KSLEFALL,0.845125,H-2-Kb
YRFLFAFL,0.844412,H-2-Kb
ITYSLMSL,0.841797,H-2-Kb
ISYFVIPV,0.841276,H-2-Kb
ASFLYPYL,0.840837,H-2-Kb
FNFRFAPI,0.840127,H-2-Kb
GVYSDYPPL,0.839465,H-2-Kb
KSFQWTQAL,0.839465,H-2-Kb
VSMVFYNA,0.839143,H-2-Kb
YTVKFPNL,0.838978,H-2-Kb
RTLAYARM,0.838944,H-2-Kb
KTYRYRRL,0.838893,H-2-Kb
YVLHFACL,0.838791,H-2-Kb
SSYRRPVGI,0.838333,H-2-Kb
LNILHMLL,0.834803,H-2-Kb
YTLIYRQL,0.8344,H-2-Kb
RNYQMLLAL,0.8344,H-2-Kb
ITIQYNLTF,0.83348,H-2-Kb
VYINTALL,0.833024,H-2-Kb
ITVYYAVL,0.833009,H-2-Kb
AHICYANL,0.832674,H-2-Kb
SSTFYYNL,0.830009,H-2-Kb
ISRNFTML,0.82882,H-2-Kb
ITHRFFEL,0.828219,H-2-Kb
LTQLFPGL,0.827179,H-2-Kb
SNYSGHELM,0.827002,H-2-Kb
WQTMYTNV,0.825591,H-2-Kb
IILGFRKI,0.824616,H-2-Kb
VMRFFGGL,0.824553,H-2-Kb
LSFEHYGL,0.824201,H-2-Kb
ISFNHVTL,0.823182,H-2-Kb
RSYRNTTAL,0.822891,H-2-Kb
IIAVFDSKL,0.822742,H-2-Kb
VTTLFRPL,0.821852,H-2-Kb
FVRDFAQL,0.82069,H-2-Kb
CTLTFARI,0.820246,H-2-Kb
VSDLYTSM,0.820152,H-2-Kb
LNYLYEEL,0.819032,H-2-Kb
TSFYHAVML,0.817935,H-2-Kb
VSFSMVGL,0.816782,H-2-Kb
STFEHQKL,0.816489,H-2-Kb
LTPIFSDLL,0.816274,H-2-Kb
SIQFFGEL,0.815412,H-2-Kb
VTLKYARA,0.81475,H-2-Kb
INFEFVCL,0.813776,H-2-Kb
KQLNYCHL,0.813256,H-2-Kb
VAGRFAAEF,0.812552,H-2-Kb
MLLAFMTL,0.811356,H-2-Kb
INLVFQNAI,0.810831,H-2-Kb
TSLVFETL,0.810626,H-2-Kb
VSYFRPLL,0.810507,H-2-Kb
SQTSYQYL,0.810388,H-2-Kb
VLLPFYETL,0.810151,H-2-Kb
ESYAYLCL,0.809935,H-2-Kb
FGWIFSRL,0.80884,H-2-Kb
SNFLFALL,0.808459,H-2-Kb
SPYVFALA,0.80833,H-2-Kb
MMVENLTLL,0.808321,H-2-Kb
VSNVNWEEI,0.806801,H-2-Kb
VSLVAGAL,0.805989,H-2-Kb
TQIRFPAL,0.805007,H-2-Kb
INHKFCNL,0.804855,H-2-Kb
STFDLAILL,0.80452,H-2-Kb
IVTMFEAL,0.804409,H-2-Kb
YATRNRQLI,0.804203,H-2-Kb
VGLSFDPL,0.803624,H-2-Kb
YTVKYINL,0.802336,H-2-Kb
SFFGPIGKL,0.799836,H-2-Kb
LFLMFLQNL,0.797958,H-2-Kb
STLNFNNL,0.797765,H-2-Kb
MALRRYGLL,0.796742,H-2-Kb
KIYYYVMV,0.796291,H-2-Kb
VNFDYSRT,0.796269,H-2-Kb
VVYNLTGV,0.79485,H-2-Kb
VNLVFPSV,0.794235,H-2-Kb
VHTQFALL,0.793868,H-2-Kb
LTTTFRPL,0.793854,H-2-Kb
VYIEVLHL,0.793597,H-2-Kb
MGLIFNRM,0.793564,H-2-Kb
VFFNVSVL,0.792743,H-2-Kb
VGYQGARV,0.792693,H-2-Kb
VSSAYSRL,0.792686,H-2-Kb
LTAKNLASL,0.79224,H-2-Kb
TSNEFYNV,0.791065,H-2-Kb
SIYGFQDTI,0.791004,H-2-Kb
VLLRFRTYM,0.790965,H-2-Kb
INIRSAQL,0.790938,H-2-Kb
FFYRFGLL,0.790699,H-2-Kb
RALLNRQPF,0.790401,H-2-Kb
SRFFHAEL,0.789528,H-2-Kb
ISRNYSTL,0.789403,H-2-Kb
SAPLNYPPF,0.788795,H-2-Kb
STTSFYSL,0.788116,H-2-Kb
KVVRFDKL,0.787837,H-2-Kb
SIQFFGERAL,0.787187,H-2-Kb
TNYKFSLV,0.787187,H-2-Kb
LGYAYINS,0.787187,H-2-Kb
AAFEFVYV,0.78556,H-2-Kb
STYQLLQEL,0.785547,H-2-Kb
FGLLNYALV,0.783615,H-2-Kb
EQYKFYSV,0.781553,H-2-Kb
MGVTYLAL,0.781492,H-2-Kb
SSFTKMAEI,0.78148,H-2-Kb
KSLTYYKL,0.780305,H-2-Kb
IGRFYIQM,0.780074,H-2-Kb
FVQWFVGL,0.780074,H-2-Kb
TGFRYSYM,0.779871,H-2-Kb
DSYRYLPL,0.779831,H-2-Kb
ISFFVGSL,0.778699,H-2-Kb
ATKLYSPM,0.778379,H-2-Kb
VGIDAANL,0.777901,H-2-Kb
VILEYCHL,0.777739,H-2-Kb
IMSQFRKL,0.777028,H-2-Kb
MGYCRARL,0.77547,H-2-Kb
KAIDFSQM,0.775255,H-2-Kb
ISSGFIGL,0.77427,H-2-Kb
VSFGAPSPL,0.774245,H-2-Kb
LNTRRRQLL,0.77347,H-2-Kb
YTYLSRRL,0.772715,H-2-Kb
MNIQFTAV,0.772677,H-2-Kb
LSYVIGLL,0.77111,H-2-Kb
IMIEISNV,0.769408,H-2-Kb
HTPLFSFL,0.769315,H-2-Kb
ICFTPGNL,0.769196,H-2-Kb
SAINYALI,0.768143,H-2-Kb
AGYIYYQL,0.768048,H-2-Kb
YSVKYPNL,0.766789,H-2-Kb
APYVYQRL,0.766572,H-2-Kb
LAMSNELHL,0.763927,H-2-Kb
AGQLYSTL,0.763774,H-2-Kb
FIYTYDRV,0.763653,H-2-Kb
IAPRIFGYV,0.762939,H-2-Kb
VSSIFLHL,0.762231,H-2-Kb
VSILASSL,0.76214,H-2-Kb
IAVSLIAAL,0.760138,H-2-Kb
IMRNLTNL,0.759451,H-2-Kb
AGLLFVLL,0.759413,H-2-Kb
VTQRFIYL,0.75914,H-2-Kb
MSYDYPKM,0.758928,H-2-Kb
IQYAFCLL,0.758389,H-2-Kb
KSFLWTQSL,0.758092,H-2-Kb
HSYPFSPL,0.757406,H-2-Kb
SSIRFIAC,0.756295,H-2-Kb
LSYSAGAL,0.75609,H-2-Kb
SSFDYCGV,0.755432,H-2-Kb
HNLCFSTL,0.754304,H-2-Kb
KNYIFEEKL,0.754182,H-2-Kb
TTTLFLHL,0.753486,H-2-Kb
SMFASCNL,0.753012,H-2-Kb
FMLNVSYL,0.752846,H-2-Kb
YSRYFGNV,0.752846,H-2-Kb
SSAIFRRI,0.752361,H-2-Kb
VSYVNTNM,0.75158,H-2-Kb
FAPLRTSLL,0.751127,H-2-Kb
VVFTLPVL,0.750556,H-2-Kb
SVYVAPSL,0.749881,H-2-Kb
LPYQFINL,0.749787,H-2-Kb
TQYPRLMLL,0.749713,H-2-Kb
YTVLFSDL,0.749713,H-2-Kb
VVYPSVMTF,0.749713,H-2-Kb
AILKFKSL,0.748505,H-2-Kb
TAWDFGSL,0.748357,H-2-Kb
NTIRNYFHL,0.748179,H-2-Kb
SILLYASL,0.747703,H-2-Kb
AAYEFQSGT,0.747158,H-2-Kb
TSFRASSL,0.745435,H-2-Kb
ILSPFLPL,0.744911,H-2-Kb
VGCCYSSV,0.743748,H-2-Kb
CHYDKYPYI,0.743748,H-2-Kb
FVYLFHFM,0.743748,H-2-Kb
ISLKNYGI,0.743748,H-2-Kb
KSFFWFNEV,0.743748,H-2-Kb
VVFGINSLF,0.743748,H-2-Kb
LGYQLASL,0.743589,H-2-Kb
SSPSHILTL,0.743201,H-2-Kb
INFDWPFL,0.742197,H-2-Kb
LNYRWVNL,0.741466,H-2-Kb
LMLEYQRL,0.740955,H-2-Kb
IGYKLTGV,0.740931,H-2-Kb
ISYSSGAI,0.740819,H-2-Kb
VLFFYRAL,0.740784,H-2-Kb
GIFCFRIL,0.740471,H-2-Kb
ISSFYWSL,0.74039,H-2-Kb
VAPCLWAKM,0.740331,H-2-Kb
FLLQNEFRI,0.739611,H-2-Kb
LNPYLAHL,0.739099,H-2-Kb
TNTVSYAAL,0.738448,H-2-Kb
DNYRFTCVL,0.738145,H-2-Kb
FAPKNYPAW,0.738145,H-2-Kb
RSYIYYAL,0.737347,H-2-Kb
LFFSVYAL,0.735604,H-2-Kb
RIYAATNV,0.735545,H-2-Kb
CNRIYARL,0.735433,H-2-Kb
ILLWYAQI,0.734722,H-2-Kb
TLFLHLVGF,0.734416,H-2-Kb
LIFMFFGL,0.734399,H-2-Kb
SVYIGGGL,0.733706,H-2-Kb
MRFYFTNW,0.732862,H-2-Kb
ARFCFPGL,0.731023,H-2-Kb
KVIGFVSI,0.730472,H-2-Kb
LSLNFLHRL,0.730093,H-2-Kb
HSPAYPTL,0.728718,H-2-Kb
LSPLYFTSV,0.728353,H-2-Kb
IFGAFPSL,0.728353,H-2-Kb
MITQFESL,0.728353,H-2-Kb
RTFETHPL,0.727447,H-2-Kb
FAVQNGTIL,0.725831,H-2-Kb
IMRMCHEGI,0.724521,H-2-Kb
VSYSGSGPL,0.724306,H-2-Kb
KAAYNFATM,0.723124,H-2-Kb
VAFLRFLTI,0.723124,H-2-Kb
LSILFGFL,0.723124,H-2-Kb
VPYVLALV,0.722802,H-2-Kb
SFYEYIQL,0.722626,H-2-Kb
TSWSFKRL,0.722027,H-2-Kb
ATTLFASV,0.721537,H-2-Kb
YGREFMGL,0.721221,H-2-Kb
VGYYLVIYL,0.720393,H-2-Kb
VFCQVIKL,0.7195,H-2-Kb
INIKTAQL,0.71937,H-2-Kb
VSEGFAPL,0.71891,H-2-Kb
RSILLIPL,0.718615,H-2-Kb
ITYKCPLL,0.717988,H-2-Kb
RFYRTCKL,0.717739,H-2-Kb
SSYRGFAV,0.717179,H-2-Kb
SGFAFVNA,0.715829,H-2-Kb
MAYYRGDCL,0.715585,H-2-Kb
VSPHPSPL,0.715583,H-2-Kb
VLVTFCKL,0.714828,H-2-Kb
ASARFSWL,0.714737,H-2-Kb
TSFSSRLL,0.714737,H-2-Kb
RALIFILL,0.714316,H-2-Kb
QVMLRWGLL,0.713851,H-2-Kb
HAVEFHNL,0.713479,H-2-Kb
VSNKFYIRL,0.713064,H-2-Kb
VEFRYQRL,0.71234,H-2-Kb
VSFNFLVA,0.711881,H-2-Kb
FALSYKEQV,0.710207,H-2-Kb
MSNPFGAL,0.709753,H-2-Kb
IVITGIKAV,0.708219,H-2-Kb
ILFSYDEL,0.707676,H-2-Kb
MVLFYKRL,0.706851,H-2-Kb
IHLQLYSL,0.706274,H-2-Kb
STREYLKL,0.704569,H-2-Kb
FSRVYGEV,0.704475,H-2-Kb
FAAEFKSRF,0.703617,H-2-Kb
VTLFSAHL,0.702877,H-2-Kb
ISDVLGNL,0.702501,H-2-Kb
INFDFNTI,0.702501,H-2-Kb
MNYYWTLL,0.700671,H-2-Kb
KNKFFSYL,0.699232,H-2-Kb
VVVRPANL,0.698264,H-2-Kb
GPDIYKGVY,0.698168,H-2-Kb
RVFVLGSL,0.697926,H-2-Kb
IEMLYPNL,0.69722,H-2-Kb
FLIAYQPL,0.696962,H-2-Kb
IVQRFLGL,0.696945,H-2-Kb
FSYRMGDV,0.695388,H-2-Kb
AIYSFRNA,0.694559,H-2-Kb
VNKYFENPL,0.694511,H-2-Kb
LQYAMSLL,0.6943,H-2-Kb
TVYYLSKEV,0.69298,H-2-Kb
RMPVYILL,0.692119,H-2-Kb
IFLVRCQL,0.692027,H-2-Kb
LAVLFINSI,0.692027,H-2-Kb
VSFRYEDQ,0.690539,H-2-Kb
VVTLYLGV,0.690497,H-2-Kb
VIGCYGSL,0.690067,H-2-Kb
SVYIHGLI,0.688783,H-2-Kb
STCSYAGL,0.687221,H-2-Kb
SMLSNLTNL,0.68698,H-2-Kb
FSRRFKYL,0.686579,H-2-Kb
SAISYTDII,0.686307,H-2-Kb
ITLIFILL,0.686055,H-2-Kb
VMVMVGATM,0.685685,H-2-Kb
KVVQYENL,0.685335,H-2-Kb
VTYLGGDL,0.685099,H-2-Kb
QNFVQCPL,0.685063,H-2-Kb
RSLQHLSTV,0.684384,H-2-Kb
VVMITAAL,0.683935,H-2-Kb
EMIRYMAL,0.683889,H-2-Kb
SMYKYKKL,0.683558,H-2-Kb
AVGLFIRL,0.683518,H-2-Kb
LFYFYAYL,0.683335,H-2-Kb
IMYGPIKSM,0.682918,H-2-Kb
VEYYFKRL,0.682726,H-2-Kb
YMVPFIPL,0.682322,H-2-Kb
AALVRLTAL,0.682308,H-2-Kb
YTVKYPRL,0.68192,H-2-Kb
TSINFVKI,0.680677,H-2-Kb
ISFLKGAEL,0.679685,H-2-Kb
SVYVFHGG,0.678897,H-2-Kb
LAVLYCLL,0.678087,H-2-Kb
VTLTMQRL,0.677685,H-2-Kb
ISFLRRAIV,0.67759,H-2-Kb
CSALYRYL,0.677214,H-2-Kb
FAPKNWPAL,0.676841,H-2-Kb
CSFAVAVL,0.675451,H-2-Kb
ISVANKIYM,0.674901,H-2-Kb
TSTEYERL,0.674901,H-2-Kb
IAVSMANI,0.674599,H-2-Kb
LSLGKGFASL,0.674087,H-2-Kb
LNLNYIVAL,0.674082,H-2-Kb
SSFEQMRL,0.672465,H-2-Kb
ILLIPLSL,0.671933,H-2-Kb
LQYPYTKI,0.671102,H-2-Kb
LTTRYYLL,0.670699,H-2-Kb
RSYLIRAL,0.669056,H-2-Kb
APPWYKNL,0.669056,H-2-Kb
TTPDFPQL,0.668939,H-2-Kb
IIVAPYIAL,0.668799,H-2-Kb
YTVKYPNM,0.667655,H-2-Kb
VTWAVRAL,0.667197,H-2-Kb
SLEVELTSL,0.666267,H-2-Kb
VPLDYVNL,0.666004,H-2-Kb
SVFQMYTRI,0.665975,H-2-Kb
KGFLLTSL,0.665089,H-2-Kb
KVYDFDAGKV,0.664623,H-2-Kb
IADKYACL,0.664254,H-2-Kb
CNYSKYWYL,0.664046,H-2-Kb
ASPQHSGL,0.664025,H-2-Kb
KVVIFILL,0.663892,H-2-Kb
LSYQKEALL,0.663559,H-2-Kb
VFYLYSLL,0.663068,H-2-Kb
ATLMFRLV,0.661401,H-2-Kb
FFIKLPII,0.659061,H-2-Kb
RTLRVLNL,0.658862,H-2-Kb
RAYLYHRR,0.657893,H-2-Kb
VNIDQTTPM,0.656768,H-2-Kb
INCHFHRL,0.656299,H-2-Kb
SSYSNRFL,0.655882,H-2-Kb
SLFSWLHL,0.654778,H-2-Kb
IMTSYQYL,0.654113,H-2-Kb
KGLHHLQLI,0.652377,H-2-Kb
VVYKLLRFL,0.652377,H-2-Kb
SSFRHWFI,0.651583,H-2-Kb
STIFFTASL,0.650674,H-2-Kb
KSVEFDMSHL,0.650253,H-2-Kb
TVFDYYVL,0.649681,H-2-Kb
AAFQNLANL,0.648535,H-2-Kb
LLLLNTRQL,0.648251,H-2-Kb
HILLYQML,0.648176,H-2-Kb
TTIDKRSGM,0.648176,H-2-Kb
VVMAYVGI,0.648176,H-2-Kb
AVVQFIRV,0.648176,H-2-Kb
IQYWQVPL,0.647561,H-2-Kb
GPFQSFVS,0.646749,H-2-Kb
CSYMSGYL,0.646526,H-2-Kb
TQMINFFAL,0.645599,H-2-Kb
TGQAFAAL,0.644642,H-2-Kb
ISVILQEL,0.643178,H-2-Kb
SNPQYRLV,0.639077,H-2-Kb
VIQSVRRL,0.638438,H-2-Kb
VSQHAGPL,0.63774,H-2-Kb
VTYVTVRL,0.637251,H-2-Kb
INWNFIRI,0.636608,H-2-Kb
IALIAVSL,0.635348,H-2-Kb
IALTNHPSL,0.63533,H-2-Kb
FSVIFDRL,0.634991,H-2-Kb
SGVYMGNL,0.634813,H-2-Kb
LNRIYRFL,0.634694,H-2-Kb
ISCLLYDL,0.634434,H-2-Kb
ASLTSFAAI,0.634384,H-2-Kb
SAFECAVL,0.633955,H-2-Kb
YNFVFSST,0.633171,H-2-Kb
AVIRFQQL,0.633052,H-2-Kb
RGYRIQRL,0.633052,H-2-Kb
ISRLFATS,0.632558,H-2-Kb
KSSFYRNL,0.631668,H-2-Kb
VWLSVIWM,0.631325,H-2-Kb
TRFIYLAL,0.631137,H-2-Kb
VMVKNQATI,0.630842,H-2-Kb
VEHEFGNL,0.630622,H-2-Kb
FSYYNAATI,0.630437,H-2-Kb
VSLVQRIL,0.630304,H-2-Kb
FAPENKKPI,0.629916,H-2-Kb
QFFVFLAL,0.629126,H-2-Kb
LMFSTSAYL,0.62846,H-2-Kb
VFYENRAYGV,0.627964,H-2-Kb
QITLFDRRL,0.626328,H-2-Kb
FQLQNRVPF,0.625352,H-2-Kb
TGVQFYMIV,0.62472,H-2-Kb
INLWKSGLF,0.623454,H-2-Kb
RNFWLYRL,0.623362,H-2-Kb
FQHKNTCVI,0.623332,H-2-Kb
IVYLCPVL,0.622318,H-2-Kb
SAPDFRPL,0.621587,H-2-Kb
FSTRFYNNM,0.621587,H-2-Kb
YAFFNMPYI,0.621562,H-2-Kb
SRLIFSGL,0.621018,H-2-Kb
SSFKTFLTV,0.620996,H-2-Kb
LIFRGPNV,0.620059,H-2-Kb
VAIAQLTTL,0.619343,H-2-Kb
FAIFLWPPV,0.619148,H-2-Kb
VENNIDFLKD,0.619056,H-2-Kb
TMPYWCPML,0.61887,H-2-Kb
SSYKLNAV,0.617865,H-2-Kb
RTYAPGAL,0.617427,H-2-Kb
FQITNLSTM,0.616392,H-2-Kb
NVINYSAL,0.615708,H-2-Kb
VALAKTVQL,0.615666,H-2-Kb
SFYRFLFA,0.615622,H-2-Kb
SMAHWILTL,0.615111,H-2-Kb
SMYCSKTFL,0.614796,H-2-Kb
FNFAYLKV,0.613216,H-2-Kb
MDSKETIL,0.613026,H-2-Kb
VWGEEVPLL,0.612778,H-2-Kb
FKFFFHRL,0.61263,H-2-Kb
TIYSVVPV,0.611388,H-2-Kb
IIYSGAVNL,0.610291,H-2-Kb
LRRAYAPL,0.610079,H-2-Kb
VSLVLVGV,0.609383,H-2-Kb
LVSIFLHL,0.609072,H-2-Kb
ISFEPIPI,0.608907,H-2-Kb
SVYRCGEL,0.608812,H-2-Kb
LAVVSVSPL,0.608091,H-2-Kb
KTPSFPNI,0.60734,H-2-Kb
FTRRFKFL,0.606551,H-2-Kb
ISPNVGNL,0.604097,H-2-Kb
LSYSQTMLL,0.603461,H-2-Kb
IAYRFVGL,0.603269,H-2-Kb
VSSDYDML,0.603235,H-2-Kb
VNWLNLNEM,0.603082,H-2-Kb
FSFSNLYHL,0.602225,H-2-Kb
YSLVTQQPL,0.601345,H-2-Kb
YSEGYIAL,0.601133,H-2-Kb
VAITFCAII,0.600982,H-2-Kb
LEYDFNKL,0.600963,H-2-Kb
RSFCIYGHL,0.600963,H-2-Kb
FALSLIATI,0.600804,H-2-Kb
ASYITPYV,0.599861,H-2-Kb
VVYDFLKC,0.599831,H-2-Kb
FALLNPQKM,0.599048,H-2-Kb
SMLDNWTQL,0.598632,H-2-Kb
VEYLLEQL,0.597905,H-2-Kb
FIFARHANF,0.59787,H-2-Kb
IVVLNRDTM,0.59784,H-2-Kb
VIITWIGM,0.597817,H-2-Kb
AHFNYARL,0.597475,H-2-Kb
KNVLKVGRL,0.597338,H-2-Kb
GAMTNRAFI,0.597265,H-2-Kb
STVIKGPLL,0.596161,H-2-Kb
DLLKYAGL,0.596161,H-2-Kb
TSPEYYSA,0.596161,H-2-Kb
LTYVVIAI,0.595154,H-2-Kb
VSFICTTIL,0.594998,H-2-Kb
SYMLNLFPKV,0.594412,H-2-Kb
VSLATKRL,0.594228,H-2-Kb
FGYNSSLL,0.594072,H-2-Kb
SSLENFRAYV,0.593965,H-2-Kb
LRFLYANV,0.593168,H-2-Kb
IKLIYRSL,0.593047,H-2-Kb
LTILNWIVI,0.592644,H-2-Kb
LLYAHINAL,0.591596,H-2-Kb
YALMNCEPE,0.591535,H-2-Kb
ICVMDLNI,0.590854,H-2-Kb
IIHILKRL,0.590704,H-2-Kb
IVFFFCCL,0.590153,H-2-Kb
ANYNRWPYI,0.589718,H-2-Kb
INYCIGVIF,0.58853,H-2-Kb
ASMINDAPV,0.587993,H-2-Kb
IALLTNSL,0.587974,H-2-Kb
VNMISRML,0.587848,H-2-Kb
CFVRSSPASF,0.587779,H-2-Kb
MGYVCSNL,0.587459,H-2-Kb
VSKKYLSL,0.587246,H-2-Kb
IFYCPIAI,0.586716,H-2-Kb
SWLHLTVPL,0.58668,H-2-Kb
MTSTFIML,0.58619,H-2-Kb
FVYLTPPI,0.585916,H-2-Kb
TVFGASPL,0.585021,H-2-Kb
VSGGRLPSL,0.584422,H-2-Kb
ITYNKITTL,0.584402,H-2-Kb
KYVEYGSL,0.584326,H-2-Kb
SALIAERPL,0.583799,H-2-Kb
ITYFFEMI,0.583794,H-2-Kb
QAVQNLIHI,0.583096,H-2-Kb
ATFTMRLL,0.582835,H-2-Kb
SIWSRVVQF,0.582684,H-2-Kb
IVYKDCAKL,0.58232,H-2-Kb
VLEETSVML,0.581288,H-2-Kb
SCLDYSHL,0.581189,H-2-Kb
IINAAFNL,0.581111,H-2-Kb
HMWNFIGV,0.580751,H-2-Kb
LEWIFRAL,0.580685,H-2-Kb
TSLSNYSDI,0.580559,H-2-Kb
TNGRFVSL,0.580502,H-2-Kb
LAPHFAKLI,0.580486,H-2-Kb
SSFITGSV,0.580485,H-2-Kb
AAHVNEAYV,0.580285,H-2-Kb
CSIENFDPM,0.579116,H-2-Kb
AMQTNADAI,0.57864,H-2-Kb
KNMRWSPRI,0.578534,H-2-Kb
AFFAFRYV,0.578285,H-2-Kb
KVFSFWLL,0.578244,H-2-Kb
VNLRNTSPV,0.576634,H-2-Kb
SHISSLIDM,0.576336,H-2-Kb
RSFIIIPL,0.576242,H-2-Kb
VSAHAFTFM,0.575723,H-2-Kb
AALLNVFLI,0.575392,H-2-Kb
FAILNKNNL,0.575163,H-2-Kb
ACMVNLERL,0.574795,H-2-Kb
EVYDFAFRDL,0.574375,H-2-Kb
AAAAYAAAAM,0.574375,H-2-Kb
YMYDFKDL,0.574202,H-2-Kb
RAFLKQHPL,0.57314,H-2-Kb
ITSMWPLL,0.572823,H-2-Kb
IQFGHLSL,0.572129,H-2-Kb
IVYVPEPM,0.571919,H-2-Kb
SSFNNGTL,0.571643,H-2-Kb
LAHQNKTPV,0.570392,H-2-Kb
IGLQYAMS,0.569311,H-2-Kb
VHFIREFHI,0.569266,H-2-Kb
FALLKRAFL,0.567706,H-2-Kb
LGVDYYDNV,0.567262,H-2-Kb
MMIWHSNL,0.567262,H-2-Kb
QLLPFMSDM,0.56641,H-2-Kb
QVWEKYGHL,0.565566,H-2-Kb
IALLNGASL,0.56507,H-2-Kb
MSPALFHAFF,0.56473,H-2-Kb
HNILPHDLI,0.56473,H-2-Kb
VCMLYTPL,0.564703,H-2-Kb
IAVSNLSTL,0.564511,H-2-Kb
MVSVYQSL,0.564133,H-2-Kb
IRYQTPAI,0.564108,H-2-Kb
RLYDYFTRV,0.563291,H-2-Kb
VEFAYRFL,0.563083,H-2-Kb
KNMEYDAV,0.562834,H-2-Kb
SFYRRTPDF,0.562745,H-2-Kb
FWFKNTQFDI,0.56096,H-2-Kb
CSFRIGRSTEL,0.560657,H-2-Kb
SHYAFSPM,0.560128,H-2-Kb
FVYVPSAL,0.559864,H-2-Kb
LVLKYDPL,0.559508,H-2-Kb
VVIQHTPI,0.559236,H-2-Kb
IAYVNHRFI,0.559171,H-2-Kb
FMPEWANFKF,0.559077,H-2-Kb
AHLLNGQPI,0.558581,H-2-Kb
VVVVNVMTL,0.55847,H-2-Kb
AVNCIMYTL,0.558338,H-2-Kb
VPVEFLRL,0.558241,H-2-Kb
LAIFYGQL,0.558101,H-2-Kb
IAYLNLDAI,0.557559,H-2-Kb
STLFYVSSIFL,0.557524,H-2-Kb
SSWPPYNIL,0.557177,H-2-Kb
VTHPLTPL,0.556363,H-2-Kb
SMFVATAM,0.555996,H-2-Kb
QNQEYSLL,0.555449,H-2-Kb
ILMIFISSFL,0.555395,H-2-Kb
IISELREL,0.555242,H-2-Kb
TMMINPFMI,0.554493,H-2-Kb
VNLYKSGLF,0.554493,H-2-Kb
SLIVNYLHL,0.552533,H-2-Kb
TALYFAAV,0.551961,H-2-Kb
ASMVNGDEL,0.551306,H-2-Kb
AHWDYLHL,0.551093,H-2-Kb
KVEEYCTGL,0.55084,H-2-Kb
LVYDASPL,0.55011,H-2-Kb
LAYSYHDL,0.550042,H-2-Kb
LAPVNFDAL,0.54961,H-2-Kb
FMLILIIYV,0.549474,H-2-Kb
VSVSPLFL,0.549139,H-2-Kb
SWYNIWVNL,0.548067,H-2-Kb
SISTVQNL,0.54783,H-2-Kb
TLREYARL,0.547748,H-2-Kb
YSLLFPAPF,0.547735,H-2-Kb
SVTRLENL,0.547413,H-2-Kb
SQIVNDLPL,0.547339,H-2-Kb
VSWFASNAF,0.547134,H-2-Kb
FAIGNWYEV,0.547091,H-2-Kb
ETLWYTRV,0.546734,H-2-Kb
YVYYNLFLL,0.546638,H-2-Kb
SVNDRLVSF,0.545956,H-2-Kb
SSPILSITI,0.544275,H-2-Kb
SRDHSRTPM,0.543277,H-2-Kb
KMITQRTI,0.543277,H-2-Kb
LLFVHAGL,0.542494,H-2-Kb
KSFFAWSL,0.541966,H-2-Kb
FSLNNWGIM,0.541889,H-2-Kb
VIKDATNLL,0.541317,H-2-Kb
SLYASPQL,0.540097,H-2-Kb
ISAAYKGI,0.540003,H-2-Kb
NGVYFVYL,0.53894,H-2-Kb
LMLLNLIPV,0.538644,H-2-Kb
IARQNEIPI,0.538198,H-2-Kb
LSYLKVEIF,0.538141,H-2-Kb
LVLFYRPI,0.53758,H-2-Kb
IALMNELAI,0.537379,H-2-Kb
VPYCNYTRF,0.5369,H-2-Kb
IAIFNFFAM,0.536817,H-2-Kb
LTVLFAIL,0.535628,H-2-Kb
LGSVYYKL,0.535405,H-2-Kb
VAPSLGVPV,0.535235,H-2-Kb
KAIMRRNGL,0.535095,H-2-Kb
DMFAIMPHL,0.53507,H-2-Kb
FAILVVSLL,0.534513,H-2-Kb
YSGKYRHM,0.534468,H-2-Kb
LSFLYTLEL,0.533275,H-2-Kb
HGYSFDQL,0.533203,H-2-Kb
CAFVVYNL,0.532826,H-2-Kb
FFYRYGFV,0.532685,H-2-Kb
HYLKSFSPL,0.532098,H-2-Kb
FVVSFIAIV,0.532098,H-2-Kb
CSHLFKGEI,0.531515,H-2-Kb
TSFLYNLR,0.531349,H-2-Kb
ASIIALVFL,0.530983,H-2-Kb
SAFLIVRL,0.530936,H-2-Kb
VRYLVMAIV,0.530936,H-2-Kb
AGLLSDHKS,0.530936,H-2-Kb
LQQCFSDL,0.530697,H-2-Kb
VGFLFYQKT,0.53036,H-2-Kb
NNIFRTNL,0.529852,H-2-Kb
FQCVNQVAL,0.52979,H-2-Kb
QTMLLKDLM,0.529787,H-2-Kb
YGLNTFTNM,0.529023,H-2-Kb
SNPENTVFD,0.528653,H-2-Kb
VALRTLLL,0.528091,H-2-Kb
INSLFSRF,0.527533,H-2-Kb
FSLFNPRDL,0.527118,H-2-Kb
DSPFYSPV,0.526495,H-2-Kb
AAAAYAAM,0.526056,H-2-Kb
AMVNNEAPI,0.526006,H-2-Kb
ASPMLYQL,0.525332,H-2-Kb
CVGIGGDPI,0.525332,H-2-Kb
RAISNPIEL,0.525105,H-2-Kb
SSDDFALI,0.525061,H-2-Kb
YIIILAVL,0.52479,H-2-Kb
SQLAHLVYV,0.524511,H-2-Kb
YALAVLAHL,0.524335,H-2-Kb
AAAKAYAAL,0.523183,H-2-Kb
ICYPVTTL,0.52289,H-2-Kb
AVYNLATM,0.522127,H-2-Kb
VSSLHLSI,0.521603,H-2-Kb
SIIPSGPL,0.521603,H-2-Kb
NTVGNYFPM,0.521514,H-2-Kb
IVLCIAAL,0.521376,H-2-Kb
IYVGNGQMI,0.519777,H-2-Kb
QAVANEHPL,0.519369,H-2-Kb
AQTLNWYLL,0.519075,H-2-Kb
KIIDNFEKL,0.518908,H-2-Kb
KAIKNFLPL,0.518184,H-2-Kb
IMRVCRHL,0.517999,H-2-Kb
SYIPSAEKI,0.517517,H-2-Kb
NKMSYSSV,0.51707,H-2-Kb
KEYLPKNK,0.517019,H-2-Kb
MITMSAFL,0.516889,H-2-Kb
AMKRNYTVL,0.516637,H-2-Kb
KVWDKYGWL,0.516523,H-2-Kb
IVLVNPNPV,0.515692,H-2-Kb
VTFLYHRP,0.515239,H-2-Kb
AKYAFDPM,0.513539,H-2-Kb
MVLNGANL,0.513255,H-2-Kb
ISFSFPDG,0.512708,H-2-Kb
FANNNYPLI,0.51267,H-2-Kb
ILWDYFSL,0.512652,H-2-Kb
VAVVTSLL,0.511709,H-2-Kb
RTTDFTRL,0.511709,H-2-Kb
AGLQVINL,0.510874,H-2-Kb
IGGIRMVDI,0.510775,H-2-Kb
AAPSGAAPL,0.510439,H-2-Kb
PSFRWTQSL,0.510312,H-2-Kb
FATVNYLEL,0.509855,H-2-Kb
FTLVLLFLI,0.509689,H-2-Kb
NSHHYISM,0.508936,H-2-Kb
QFGWYGRL,0.508834,H-2-Kb
STIQNYLSI,0.508594,H-2-Kb
VAPHEYGFGI,0.508089,H-2-Kb
SVTAAASL,0.508048,H-2-Kb
VGVIMYSVF,0.50768,H-2-Kb
TIFVTGGL,0.507632,H-2-Kb
SYPQFLAL,0.507183,H-2-Kb
TAIANQAAI,0.506521,H-2-Kb
TTANFHTL,0.505944,H-2-Kb
LAYQKDALL,0.505802,H-2-Kb
SVNVSLTAI,0.504622,H-2-Kb
VKYPKFFFV,0.504446,H-2-Kb
SSFFSGSCL,0.504059,H-2-Kb
LVYVIQLPL,0.503667,H-2-Kb
SSLSPPNL,0.503263,H-2-Kb
VNLNTLPL,0.50279,H-2-Kb
IIFNGIKL,0.502739,H-2-Kb
VVWALLGL,0.502678,H-2-Kb
KMFLYKIL,0.502414,H-2-Kb
NAIVFKGL,0.50203,H-2-Kb
SRFTYHRL,0.501979,H-2-Kb
KSIQHLTV,0.501636,H-2-Kb
LGYIIRYPV,0.501084,H-2-Kb
INDDKYEYL,0.500834,H-2-Kb
TTNAHCALL,0.499838,H-2-Kb
SASIFGLAL,0.499458,H-2-Kb
VSWTMKIL,0.499319,H-2-Kb
ASISEFIAKI,0.499016,H-2-Kb
VSKLVSRL,0.498608,H-2-Kb
SSTVSFAEI,0.498326,H-2-Kb
KVFGRCELAAAM,0.497592,H-2-Kb
QSLRRLSSV,0.497395,H-2-Kb
LSLTNCPNF,0.496879,H-2-Kb
IRRVYGLL,0.496369,H-2-Kb
SWFPHKEMM,0.495801,H-2-Kb
VSAALHNV,0.495014,H-2-Kb
HSLLYQSHL,0.494624,H-2-Kb
VDYNFTIV,0.494511,H-2-Kb
SAYLVSIFL,0.494234,H-2-Kb
ISLTYKPS,0.493847,H-2-Kb
RRTLDLLKY,0.493461,H-2-Kb
KLLWFLTGT,0.492313,H-2-Kb
KSFCVTIL,0.492075,H-2-Kb
MMCPFLFL,0.491179,H-2-Kb
YNYSLSAAV,0.491179,H-2-Kb
TTLLFVVM,0.491177,H-2-Kb
IIITLGVV,0.490431,H-2-Kb
IPYNYPDM,0.489751,H-2-Kb
FHYYMSDQL,0.489688,H-2-Kb
IAESFYDL,0.489595,H-2-Kb
IHYCAPAGF,0.489037,H-2-Kb
ASQPFARL,0.48866,H-2-Kb
SAIANRLAL,0.488571,H-2-Kb
LVSRNYQML,0.488221,H-2-Kb
VVYSYTVEC,0.488221,H-2-Kb
AVLKYNGI,0.488023,H-2-Kb
IGFILYKVL,0.487048,H-2-Kb
DVPNFKDKM,0.486063,H-2-Kb
SQQPYLQL,0.485912,H-2-Kb
IPLKYIVL,0.485663,H-2-Kb
RVAPYAGL,0.485408,H-2-Kb
RVYEALYYV,0.484652,H-2-Kb
SNITGLLL,0.484218,H-2-Kb
ISYDYSEY,0.484205,H-2-Kb
RSLPNWQQM,0.484059,H-2-Kb
RGPNVVTL,0.483262,H-2-Kb
LQNVMISIL,0.483002,H-2-Kb
LSLRNPILV,0.482992,H-2-Kb
FILHTANL,0.482345,H-2-Kb
INYMTPPE,0.481724,H-2-Kb
VSLVSNSFV,0.481502,H-2-Kb
ISCVLPLL,0.48127,H-2-Kb
FAPKAAAAL,0.479545,H-2-Kb
KQLANGVPL,0.479261,H-2-Kb
WGPSLYSIL,0.477903,H-2-Kb
SGGVSPDTL,0.47747,H-2-Kb
IGYICSGV,0.477347,H-2-Kb
KVLQEYKKM,0.476081,H-2-Kb
AFYTTGEI,0.476041,H-2-Kb
NAIVNWDPV,0.475987,H-2-Kb
TEVAFGLV,0.475441,H-2-Kb
NASDFYGLL,0.47502,H-2-Kb
ECKTHASSI,0.474229,H-2-Kb
TWIDIEGRF,0.473766,H-2-Kb
LRYLLFGI,0.473675,H-2-Kb
VNVWKSGIL,0.471918,H-2-Kb
TSLSVSLV,0.471663,H-2-Kb
SSGDFLKYYF,0.471318,H-2-Kb
HTLMSIVSS,0.47131,H-2-Kb
AIFFTTSL,0.471007,H-2-Kb
TILAVVSV,0.470451,H-2-Kb
AHRDHICLL,0.469509,H-2-Kb
GGPIYRRV,0.469509,H-2-Kb
SILFFVFV,0.469509,H-2-Kb
ITFALKKL,0.469212,H-2-Kb
FSCMKMILL,0.468917,H-2-Kb
SHIIWVSL,0.468917,H-2-Kb
VSYMCHFIT,0.468622,H-2-Kb
FANMNGHYV,0.467336,H-2-Kb
VGPRYCPS,0.466297,H-2-Kb
FSQVNFPQI,0.464615,H-2-Kb
ATLVNSHEI,0.46353,H-2-Kb
AAAAAAYAAM,0.4631,H-2-Kb
LTIKSNILM,0.462639,H-2-Kb
CSHHFHEL,0.462397,H-2-Kb
LGWLNLTPI,0.462249,H-2-Kb
LSVLFLQI,0.461666,H-2-Kb
AMLCNVSLV,0.460682,H-2-Kb
VFYEQMKRF,0.460188,H-2-Kb
TNYLSSEHL,0.45992,H-2-Kb
VLYDEFVTI,0.459653,H-2-Kb
VKSLKLLNT,0.459653,H-2-Kb
VITDFELEV,0.45912,H-2-Kb
INQPFITM,0.45859,H-2-Kb
VSLRRAVL,0.458308,H-2-Kb
QQSTYQLL,0.456871,H-2-Kb
ITPHCALM,0.45676,H-2-Kb
TLLRYYNQ,0.455987,H-2-Kb
ESYKVIGM,0.45573,H-2-Kb
ILFLWSFL,0.455603,H-2-Kb
SALWMPDLF,0.455532,H-2-Kb
LMMRTTWAL,0.454794,H-2-Kb
VAACSRLTI,0.454461,H-2-Kb
AAWVNMPSL,0.454207,H-2-Kb
INISGYNF,0.454207,H-2-Kb
VWLHYYSV,0.45385,H-2-Kb
VALLNQYPL,0.453358,H-2-Kb
FSELYENL,0.453205,H-2-Kb
SVYLIHDNI,0.451503,H-2-Kb
FSPWNEDYI,0.45043,H-2-Kb
RAIVNKPML,0.450286,H-2-Kb
VTMVSVLPL,0.450263,H-2-Kb
LGNLFLHRF,0.449542,H-2-Kb
FSPMFEVL,0.448853,H-2-Kb
RNYIEPYL,0.448853,H-2-Kb
FAFKDCRL,0.448589,H-2-Kb
CSFHNRVTL,0.448116,H-2-Kb
CNYTRFWYI,0.447881,H-2-Kb
WSYYCGGL,0.446619,H-2-Kb
GGYKFFDYI,0.44648,H-2-Kb
YQTLAFPPI,0.446257,H-2-Kb
ITYSSSMM,0.446249,H-2-Kb
EIFHYGFL,0.446249,H-2-Kb
LIFFFYYL,0.445415,H-2-Kb
DGLYNISL,0.443601,H-2-Kb
RTLVNELYL,0.443294,H-2-Kb
VSERLTRL,0.442791,H-2-Kb
AMLCGFSPA,0.442232,H-2-Kb
QDIKFLPF,0.44196,H-2-Kb
ALVSNRVTL,0.441921,H-2-Kb
VKIGPPTV,0.44174,H-2-Kb
TALQNAASI,0.441352,H-2-Kb
ILSNYETL,0.441181,H-2-Kb
HMWNFISGI,0.440863,H-2-Kb
FALISFLLL,0.440863,H-2-Kb
GYCLTKWMI,0.440212,H-2-Kb
WNYYLSCKL,0.43966,H-2-Kb
AAFTNHNYI,0.439534,H-2-Kb
YSYTIVSSL,0.43935,H-2-Kb
CNYTKFWYV,0.43935,H-2-Kb
KIIQKSSSI,0.439027,H-2-Kb
QIINMWQEV,0.438788,H-2-Kb
VTGVKYPKF,0.438714,H-2-Kb
FATENFPPL,0.438542,H-2-Kb
VPPYFPKGSL,0.438253,H-2-Kb
ASKLLANL,0.437481,H-2-Kb
LVWKRFEHL,0.43723,H-2-Kb
TSSVYIEV,0.435032,H-2-Kb
FSYFFPSL,0.434221,H-2-Kb
LTVKMGALF,0.433936,H-2-Kb
AGYEQFEFRV,0.433734,H-2-Kb
IVIFVKRL,0.433363,H-2-Kb
QSGLYRYHM,0.432497,H-2-Kb
KEKSVKFI,0.432209,H-2-Kb
GSYLNETHF,0.432134,H-2-Kb
ALVAFKKQL,0.432002,H-2-Kb
ALHLFKTTV,0.431344,H-2-Kb
IFFEETNGM,0.431236,H-2-Kb
SSLIKQSKF,0.430951,H-2-Kb
ILQMYMSV,0.430638,H-2-Kb
VSTVMTSL,0.430561,H-2-Kb
RVYIYYNH,0.430091,H-2-Kb
SYIINIITL,0.429894,H-2-Kb
VGPDSGRL,0.429591,H-2-Kb
ESLVMRML,0.429591,H-2-Kb
RQYFYMNK,0.429511,H-2-Kb
RGTSFVYV,0.428868,H-2-Kb
VGPEWEPV,0.42825,H-2-Kb
LSQWFMNA,0.42806,H-2-Kb
VVMSQYGVV,0.427502,H-2-Kb
IYQYYYAL,0.427097,H-2-Kb
RAYEAIQSL,0.426181,H-2-Kb
VLCHYVRV,0.425353,H-2-Kb
STLMYEIV,0.424158,H-2-Kb
FALLSLDQI,0.424024,H-2-Kb
FSFLMENYL,0.423795,H-2-Kb
VNPNLSKLF,0.423795,H-2-Kb
LSAKFKFML,0.423614,H-2-Kb
KNIQSLRRL,0.423433,H-2-Kb
SFYNFLQR,0.423354,H-2-Kb
SIIEIAEV,0.422403,H-2-Kb
FAGLTADAR,0.422214,H-2-Kb
YAYENGFPI,0.422194,H-2-Kb
VSLIKIPCL,0.421823,H-2-Kb
VQSVRYLVM,0.421645,H-2-Kb
VSIAAAASV,0.421469,H-2-Kb
IVFKTIAV,0.421292,H-2-Kb
LPIIFGSL,0.421143,H-2-Kb
LALLNGAAL,0.420788,H-2-Kb
NSYSLIRL,0.420764,H-2-Kb
VYIPPYCTI,0.420683,H-2-Kb
ISVQYNLS,0.420414,H-2-Kb
IYSTVASSL,0.42024,H-2-Kb
WNKQFIKPV,0.420066,H-2-Kb
VSGSWVSCF,0.419366,H-2-Kb
ILQLFVFL,0.418855,H-2-Kb
VSLCLSDFM,0.418702,H-2-Kb
ISFSETNAL,0.418454,H-2-Kb
SNIKTMMI,0.418215,H-2-Kb
IHPGYGFL,0.418069,H-2-Kb
IIPDGYKLI,0.41783,H-2-Kb
IMLTNPSTL,0.416772,H-2-Kb
RQGSSPIL,0.416434,H-2-Kb
YSPPLISIL,0.416337,H-2-Kb
VIFNTKPI,0.41601,H-2-Kb
GNPVFLAL,0.415531,H-2-Kb
SKYIFWLL,0.415151,H-2-Kb
TSDINRTAV,0.413567,H-2-Kb
IGVEPGQL,0.413399,H-2-Kb
IQMSSGNL,0.412876,H-2-Kb
TAILLRDLI,0.41264,H-2-Kb
FVYFVETL,0.411431,H-2-Kb
KTKFFTRRL,0.411431,H-2-Kb
IGILGAFV,0.411378,H-2-Kb
VAMAHADAL,0.411078,H-2-Kb
FSLINIYSI,0.4108,H-2-Kb
ITLIKTPSL,0.410642,H-2-Kb
FSYMKSKNV,0.410642,H-2-Kb
KVGSNIEEI,0.410465,H-2-Kb
IGLLNTIMV,0.410058,H-2-Kb
FSLVMINVI,0.409696,H-2-Kb
YGYEGDALL,0.409312,H-2-Kb
YMWLGARFL,0.407878,H-2-Kb
ASIRNPDPV,0.407702,H-2-Kb
YSMGPSPPI,0.406859,H-2-Kb
GTVEKWPAL,0.405893,H-2-Kb
TAVAPSMTM,0.405152,H-2-Kb
APGNFPYL,0.403336,H-2-Kb
VSTQLKTLML,0.402954,H-2-Kb
ITYIYLAH,0.402459,H-2-Kb
KALETFWEV,0.401377,H-2-Kb
INPNMSCDDV,0.400527,H-2-Kb
CLLCNLLLV,0.39983,H-2-Kb
NSLILLECFV,0.399686,H-2-Kb
VYDFWVWV,0.399037,H-2-Kb
VEYSFIAA,0.398496,H-2-Kb
ITCKPINL,0.397889,H-2-Kb
KWLKYCIEL,0.397516,H-2-Kb
KMHRYNDLI,0.397486,H-2-Kb
VGTKHAIL,0.39684,H-2-Kb
SAYDTVSGI,0.39615,H-2-Kb
ISYGLSTM,0.395016,H-2-Kb
AALQHLRSI,0.394582,H-2-Kb
TWHRYHLL,0.394527,H-2-Kb
VTSLLTGAL,0.393869,H-2-Kb
IVPSHISSL,0.393738,H-2-Kb
QLILRGQYL,0.393477,H-2-Kb
KAVIATEL,0.39301,H-2-Kb
AQLMPSPPM,0.392637,H-2-Kb
AANSPWAPV,0.392632,H-2-Kb
AVYLSPFKL,0.391795,H-2-Kb
FNLVNQFRI,0.391439,H-2-Kb
IGLIIPPL,0.391322,H-2-Kb
ISMGTSGL,0.391029,H-2-Kb
YSQIGLVTL,0.39027,H-2-Kb
ILAGYGAGV,0.389787,H-2-Kb
VALLVAAI,0.389303,H-2-Kb
VTTTSYNAM,0.389017,H-2-Kb
ADFNFVYL,0.386994,H-2-Kb
YTQLNLYTI,0.386563,H-2-Kb
SALADIDPM,0.385998,H-2-Kb
IVSPFIPL,0.385359,H-2-Kb
PYIACRTSI,0.38524,H-2-Kb
YMAKLHAYL,0.384927,H-2-Kb
ALPVFTWL,0.38479,H-2-Kb
DVVNFVSM,0.38479,H-2-Kb
RTLGNFSWF,0.384289,H-2-Kb
SLIYYQNEV,0.383818,H-2-Kb
VPFPVVNA,0.383466,H-2-Kb
GTLRFVDL,0.383138,H-2-Kb
FAHVALCAI,0.382837,H-2-Kb
VARLRQNQI,0.38207,H-2-Kb
KFRDLLFK,0.381725,H-2-Kb
LIKEFSEL,0.38161,H-2-Kb
FNRDKTEAI,0.381381,H-2-Kb
STIVFASS,0.381355,H-2-Kb
KCIEYVTL,0.381247,H-2-Kb
IKYKGQNL,0.381123,H-2-Kb
VSLDFSPG,0.381095,H-2-Kb
WILRHPGF,0.380934,H-2-Kb
TVYYGVPV,0.380253,H-2-Kb
TMLINEYRL,0.379887,H-2-Kb
WHRLFLLL,0.379507,H-2-Kb
SRNLYVSL,0.379507,H-2-Kb
IALSYSGS,0.379356,H-2-Kb
RFVLFPLF,0.379249,H-2-Kb
QSYLTKFL,0.37845,H-2-Kb
MVGVGFFFI,0.377722,H-2-Kb
WTVSHLSPL,0.377699,H-2-Kb
KALNNLFVI,0.376837,H-2-Kb
STYSNKRAM,0.376555,H-2-Kb
KYGVSVQDI,0.375287,H-2-Kb
NIWVNLNNL,0.374858,H-2-Kb
NSQVYSLI,0.373904,H-2-Kb
STPMFNDI,0.373904,H-2-Kb
SAPDTRPA,0.373693,H-2-Kb
IMIPNSTVL,0.373396,H-2-Kb
ILFCFLAAV,0.372927,H-2-Kb
ALIFYIPF,0.372868,H-2-Kb
STMTLGLSL,0.37267,H-2-Kb
QPYHFKDL,0.372158,H-2-Kb
CAVINTVCAL,0.371921,H-2-Kb
CFDVFKEL,0.371815,H-2-Kb
KAISPPKSLI,0.371306,H-2-Kb
SAGAPRAFI,0.371159,H-2-Kb
MTMRCIGI,0.370806,H-2-Kb
VASILATL,0.370788,H-2-Kb
FLRMNLNPL,0.370121,H-2-Kb
AAPKAYAAA,0.36957,H-2-Kb
PALTFITPL,0.36947,H-2-Kb
ASLVTSML,0.369168,H-2-Kb
FAVELIATL,0.368192,H-2-Kb
AAMLIRQGL,0.367873,H-2-Kb
ISRPGIRL,0.367103,H-2-Kb
TNRAWNSL,0.366633,H-2-Kb
CLYDSQGL,0.366014,H-2-Kb
IFRQYFEM,0.366012,H-2-Kb
LLRRYQQL,0.364678,H-2-Kb
LARFNPDAV,0.364251,H-2-Kb
ISTNSAKL,0.36414,H-2-Kb
LTFIFILL,0.363798,H-2-Kb
ANFRYHMDA,0.362233,H-2-Kb
DVTTFLSML,0.36216,H-2-Kb
ITNNIIGLL,0.361747,H-2-Kb
AFLQYRRL,0.361562,H-2-Kb
AMAPRTLLL,0.361562,H-2-Kb
PARFYPKV,0.361562,H-2-Kb
SQYYYNSL,0.361562,H-2-Kb
ASQQNSEEM,0.361562,H-2-Kb
FAPLPRLPTL,0.361562,H-2-Kb
QIFEVYWYL,0.361069,H-2-Kb
ENVQYRHV,0.360859,H-2-Kb
LSIINIFFL,0.360766,H-2-Kb
DLLFKLLEY,0.360643,H-2-Kb
ITTFKLPTM,0.360643,H-2-Kb
SLLQNDQPI,0.360414,H-2-Kb
VTLITGNM,0.35986,H-2-Kb
NNTSYRLI,0.359654,H-2-Kb
TMWIGRNPV,0.359548,H-2-Kb
IAVMHKGKL,0.359415,H-2-Kb
GLFQFFVFL,0.35883,H-2-Kb
SSLLNNQFGTM,0.357937,H-2-Kb
QQSHYADQL,0.357229,H-2-Kb
YPHFMPTNL,0.357053,H-2-Kb
SSEPHCALL,0.356177,H-2-Kb
TSFYLISIF,0.356177,H-2-Kb
VVPMVTQM,0.356154,H-2-Kb
AAYVPADAV,0.35595,H-2-Kb
TMAKNKPTL,0.355574,H-2-Kb
ISFLLSPA,0.355421,H-2-Kb
THHYFVDL,0.354713,H-2-Kb
YTGYNNYYG,0.35463,H-2-Kb
LCIDRSILL,0.354449,H-2-Kb
VAVQEYTSI,0.353937,H-2-Kb
SPTSYTSV,0.353597,H-2-Kb
VVPDGYNLM,0.352753,H-2-Kb
TYQRTRALV,0.351917,H-2-Kb
VLDMFRTAF,0.351917,H-2-Kb
VVPAHPGL,0.351608,H-2-Kb
ISFEAPVSI,0.350238,H-2-Kb
AAFVNDYSL,0.34906,H-2-Kb
MSYSSVMI,0.348871,H-2-Kb
GCYNYKNL,0.348645,H-2-Kb
LFYKLDVV,0.348369,H-2-Kb
VVVSTNRL,0.347845,H-2-Kb
RGYSFTTT,0.347845,H-2-Kb
DGAEALGPF,0.347845,H-2-Kb
VSLTNGMSV,0.347819,H-2-Kb
VSWKNKEL,0.347523,H-2-Kb
ESRLYTRV,0.347315,H-2-Kb
RLIVFPDL,0.347315,H-2-Kb
CRIKQIINM,0.346965,H-2-Kb
ATLHNFDEL,0.34659,H-2-Kb
IRCELANL,0.346346,H-2-Kb
PNFNQYEAM,0.346265,H-2-Kb
RNTPFNML,0.345563,H-2-Kb
FSILNLHKI,0.345292,H-2-Kb
IQNTNSPSV,0.345171,H-2-Kb
ISTVHGPM,0.345025,H-2-Kb
KSYVKSKL,0.343184,H-2-Kb
VALVPHVGM,0.343009,H-2-Kb
IPYLRNYMV,0.341993,H-2-Kb
VMILGEFDI,0.341992,H-2-Kb
RYIIILAV,0.341681,H-2-Kb
AAAQNKDST,0.341096,H-2-Kb
VCYNFKVQF,0.340202,H-2-Kb
SDITKVSL,0.340129,H-2-Kb
ILHRWYEHM,0.340005,H-2-Kb
YGIKTWQTM,0.339687,H-2-Kb
QLFHYYFL,0.339471,H-2-Kb
INIYDLFV,0.339471,H-2-Kb
VVRKLVRKL,0.339471,H-2-Kb
FQAGNWASL,0.33937,H-2-Kb
AALNNADVL,0.339157,H-2-Kb
RTFRGRVL,0.338747,H-2-Kb
WALEMADTF,0.338729,H-2-Kb
FSGKHVVFI,0.338027,H-2-Kb
TSVTNSLRL,0.33753,H-2-Kb
KRWLLISL,0.337184,H-2-Kb
SALTALNDM,0.336904,H-2-Kb
FTAKYGVL,0.336548,H-2-Kb
FSILNKVDI,0.33605,H-2-Kb
LGKGFASL,0.335693,H-2-Kb
KMLRGMPL,0.335483,H-2-Kb
VGVVTLYL,0.335192,H-2-Kb
AVSQYCSM,0.335056,H-2-Kb
FMDGTMSQV,0.334816,H-2-Kb
GMLQGRGPL,0.334789,H-2-Kb
MAMTDTTPF,0.334774,H-2-Kb
SSVANIDSL,0.33472,H-2-Kb
YIIKNTFNV,0.334513,H-2-Kb
SMLNKVKSL,0.333826,H-2-Kb
FSTLNANYL,0.333655,H-2-Kb
INFILAPQ,0.333575,H-2-Kb
FQPSNRTTF,0.332881,H-2-Kb
MVYDATIL,0.329807,H-2-Kb
SVIGALPQGM,0.329153,H-2-Kb
VQVGNTVYYL,0.328982,H-2-Kb
QMLPPTDPL,0.328891,H-2-Kb
KVTKYLPL,0.328597,H-2-Kb
SILTNLIMI,0.328206,H-2-Kb
EAFLNFTSM,0.328146,H-2-Kb
GLFDFVNFV,0.327902,H-2-Kb
WYWGPSLYSI,0.327363,H-2-Kb
RTRTNPTPV,0.327245,H-2-Kb
IKFIFLQM,0.327221,H-2-Kb
AQLVDDFTL,0.326531,H-2-Kb
PVLLTEAPL,0.326459,H-2-Kb
LDYLRQAGL,0.326207,H-2-Kb
VGICKAAM,0.325955,H-2-Kb
IVLIVITGI,0.325955,H-2-Kb
IGLGILADL,0.325892,H-2-Kb
GGILFHLPF,0.325829,H-2-Kb
IPQSLDSWWTSL,0.325597,H-2-Kb
TSAFNKKTFD,0.325328,H-2-Kb
SCWQKFDSLV,0.324706,H-2-Kb
SAHVNGELV,0.324549,H-2-Kb
TILIRTGL,0.32445,H-2-Kb
LKYYFTSAV,0.324273,H-2-Kb
IIRNARNL,0.323851,H-2-Kb
SAPMNVDNL,0.323474,H-2-Kb
ALFEGRNL,0.323474,H-2-Kb
MQLRNTCPL,0.323409,H-2-Kb
RATCSAAYL,0.322912,H-2-Kb
QQILQQIL,0.322702,H-2-Kb
MSAALKNL,0.322258,H-2-Kb
QSSVASGFIGF,0.321655,H-2-Kb
VSTNTGNL,0.321655,H-2-Kb
KLGEFLERL,0.320982,H-2-Kb
KVGNFTGL,0.320727,H-2-Kb
GALVNASSA,0.320002,H-2-Kb
LSSIFSRI,0.319872,H-2-Kb
SYQHFRRL,0.318702,H-2-Kb
VNNEYNRI,0.318702,H-2-Kb
SMDLNTQPV,0.318152,H-2-Kb
LAMSPRTSI,0.318039,H-2-Kb
STLLFLSI,0.317884,H-2-Kb
AALLFLLL,0.317593,H-2-Kb
VRRLYPKI,0.316975,H-2-Kb
VKIEPLGV,0.316239,H-2-Kb
AMCTNTFVL,0.315804,H-2-Kb
AAVVISAFI,0.315801,H-2-Kb
SNLNNLSEL,0.315573,H-2-Kb
FAYRFLSR,0.315348,H-2-Kb
SFYADPKRF,0.31472,H-2-Kb
VALRNTTAF,0.314468,H-2-Kb
LPPNFSSL,0.31435,H-2-Kb
ISQISFLL,0.314258,H-2-Kb
WVRKASAL,0.314165,H-2-Kb
VSCDFNNGI,0.314165,H-2-Kb
AVLTNALLL,0.314023,H-2-Kb
SSGKMGFAL,0.313738,H-2-Kb
SMYSDCDVL,0.313397,H-2-Kb
GSYCNTLSL,0.313134,H-2-Kb
AAVEAAEL,0.313072,H-2-Kb
ADCVFPMV,0.312956,H-2-Kb
RMIRNQILV,0.312381,H-2-Kb
SMPVYNRQVL,0.311486,H-2-Kb
WTYNAELL,0.310989,H-2-Kb
LMPLYACI,0.310989,H-2-Kb
VLLDYQGM,0.310989,H-2-Kb
SIDRFLRV,0.310989,H-2-Kb
SLMVNYHAI,0.310846,H-2-Kb
IYYRFVHL,0.310649,H-2-Kb
LAPVPKTPL,0.310357,H-2-Kb
VTFKNPHA,0.310193,H-2-Kb
AQLRMITYI,0.310054,H-2-Kb
STAVNNMML,0.309852,H-2-Kb
LHIPEVCL,0.309841,H-2-Kb
QATTNKATL,0.309601,H-2-Kb
ISPKSVAGRF,0.309314,H-2-Kb
LSYDQLLDSSL,0.30879,H-2-Kb
VVIILVFL,0.308579,H-2-Kb
VAKYFSPL,0.30827,H-2-Kb
TAFSIYHQI,0.307895,H-2-Kb
STTTGRTPL,0.307437,H-2-Kb
ISKSALEL,0.307391,H-2-Kb
SIFTVFDL,0.307226,H-2-Kb
KLLIYPLI,0.307134,H-2-Kb
KIFEDQLLPFM,0.306216,H-2-Kb
KSVPLEML,0.306216,H-2-Kb
RQFRYDGDM,0.305457,H-2-Kb
SYVKNFLLI,0.304652,H-2-Kb
SANISLTVWI,0.30377,H-2-Kb
LSKIYNLL,0.303729,H-2-Kb
ARIVNSVFV,0.303425,H-2-Kb
SAIANLDVL,0.303039,H-2-Kb
WLVTNGSYL,0.302728,H-2-Kb
IAVSIISIL,0.302728,H-2-Kb
YSQVNPITL,0.302581,H-2-Kb
LVLANYFPI,0.302448,H-2-Kb
AMNKFTQTI,0.301645,H-2-Kb
ASNQNVSVM,0.301464,H-2-Kb
FSVGLPGFM,0.301386,H-2-Kb
LVFNYPGI,0.301378,H-2-Kb
SQLGNAGEV,0.300843,H-2-Kb
LKQVYFESF,0.300792,H-2-Kb
EVVEIFKHL,0.300457,H-2-Kb
SVITQACPKI,0.300002,H-2-Kb
STLQNNSVVI,0.299479,H-2-Kb
VFCAAVGRL,0.299204,H-2-Kb
KVVLLCPTL,0.298903,H-2-Kb
LIIAARNI,0.298896,H-2-Kb
LMLLFAAMI,0.298112,H-2-Kb
KLLEYSNQ,0.297963,H-2-Kb
SAGPALCTM,0.297946,H-2-Kb
VVPDSPDWI,0.297638,H-2-Kb
RSCTLPPL,0.297515,H-2-Kb
RMLINRFTM,0.297499,H-2-Kb
TAIANQATV,0.297499,H-2-Kb
LAVTIMAIL,0.297499,H-2-Kb
FSLGVLGM,0.297499,H-2-Kb
PTMLYNKM,0.297499,H-2-Kb
DTYIHFCKI,0.297038,H-2-Kb
SAVTSLAAI,0.296768,H-2-Kb
SFIKGTKV,0.296169,H-2-Kb
SGPSNTPPEI,0.296123,H-2-Kb
LMCHATFTM,0.295856,H-2-Kb
VSFVTLIT,0.294788,H-2-Kb
VLFIVDKL,0.293854,H-2-Kb
ALCTYSMNTI,0.29384,H-2-Kb
RGFYVILL,0.293618,H-2-Kb
WMKMNQTLL,0.293581,H-2-Kb
ASVVGAPV,0.293477,H-2-Kb
ILAIYSTV,0.293451,H-2-Kb
KTNLYGFI,0.293451,H-2-Kb
IQLTNGDSL,0.2933,H-2-Kb
QIVRNDPPL,0.293297,H-2-Kb
SGVCNLGSV,0.292995,H-2-Kb
MSHLNLTMP,0.292551,H-2-Kb
IMLSSKAIM,0.292191,H-2-Kb
IANQATVLM,0.291597,H-2-Kb
FVLSGQSL,0.29095,H-2-Kb
LNQTVHSL,0.290815,H-2-Kb
RNYFTSEV,0.290815,H-2-Kb
LSAAVFGL,0.290779,H-2-Kb
ATGITQAPI,0.29061,H-2-Kb
HVDGKILFV,0.290539,H-2-Kb
TLCGFADL,0.289217,H-2-Kb
IALANIGFL,0.289074,H-2-Kb
YSLLNANAL,0.28809,H-2-Kb
LALVAAFAL,0.287502,H-2-Kb
YSPSNHHIL,0.285389,H-2-Kb
SVLANVTNM,0.285054,H-2-Kb
MRMAWGGSYI,0.283782,H-2-Kb
FPIVFAYHL,0.283631,H-2-Kb
SRIGDPAL,0.283384,H-2-Kb
IAIEKNYWM,0.283226,H-2-Kb
FILGIIITV,0.283181,H-2-Kb
VVPRHRSV,0.28262,H-2-Kb
LQTDNYTLM,0.281969,H-2-Kb
KFFSYLTL,0.281811,H-2-Kb
VASKFREV,0.281811,H-2-Kb
FIIFLFIL,0.281811,H-2-Kb
VAVCVGVIM,0.281464,H-2-Kb
VMTSAQITM,0.281289,H-2-Kb
LSILSKDKM,0.281034,H-2-Kb
YSVENVGLL,0.280795,H-2-Kb
SFELGVWVL,0.280648,H-2-Kb
TTYLQYLT,0.280379,H-2-Kb
YALAARGVL,0.279235,H-2-Kb
STLIFFVII,0.278743,H-2-Kb
FQPQNGQFI,0.278743,H-2-Kb
HCLAFSYM,0.278511,H-2-Kb
NIFRGSYL,0.278442,H-2-Kb
FAFVNAAHA,0.277058,H-2-Kb
AAPVSEPTV,0.276611,H-2-Kb
MSTYGWNL,0.276451,H-2-Kb
TALLLACAV,0.275843,H-2-Kb
FTQKSLFPI,0.275799,H-2-Kb
KIPTHRHI,0.275773,H-2-Kb
IPIYKRGDM,0.275409,H-2-Kb
LFPRFKFV,0.27521,H-2-Kb
ICISLSNSF,0.275045,H-2-Kb
AAMVPTGSL,0.274454,H-2-Kb
LLLQNFTAL,0.274451,H-2-Kb
FIPIYDLL,0.274301,H-2-Kb
LSRFNANYV,0.274249,H-2-Kb
HPDKFLEL,0.274141,H-2-Kb
FNPSVLKIL,0.274052,H-2-Kb
GMLTNYKTI,0.273681,H-2-Kb
AAIENYVRF,0.273625,H-2-Kb
KSKVFRKV,0.273607,H-2-Kb
TEAILQLG,0.272896,H-2-Kb
AALDMVDAL,0.272872,H-2-Kb
ITEQFLNYV,0.272542,H-2-Kb
FGEVVDCTL,0.27205,H-2-Kb
SRPMFLYV,0.27184,H-2-Kb
HNRMYNMV,0.271787,H-2-Kb
KTSSVARL,0.271142,H-2-Kb
VALANIDEV,0.27114,H-2-Kb
GAGLLFSIM,0.27111,H-2-Kb
FPPNYKLL,0.27084,H-2-Kb
FDYPFFRKL,0.270795,H-2-Kb
SAISNLEQL,0.27013,H-2-Kb
GIYQILAI,0.270106,H-2-Kb
YAIAHGVAL,0.269653,H-2-Kb
SPASFEKK,0.26908,H-2-Kb
SLSAYIIRV,0.268403,H-2-Kb
FFYCNSTQL,0.267745,H-2-Kb
IGWKYYKS,0.267209,H-2-Kb
LAVVLWSLL,0.267015,H-2-Kb
IGMGVTYL,0.266454,H-2-Kb
ADVEFCLSL,0.266401,H-2-Kb
AVKLYRKL,0.266401,H-2-Kb
VSQVQRLL,0.266072,H-2-Kb
ASIAARGYI,0.265999,H-2-Kb
SMQKFGERAF,0.264534,H-2-Kb
KYAAAVAGL,0.264298,H-2-Kb
KMVAPATYL,0.264154,H-2-Kb
VEVPFPVV,0.263798,H-2-Kb
QMYVNRNEI,0.263395,H-2-Kb
LNYVIHKLF,0.26284,H-2-Kb
LAPNNVSEL,0.262645,H-2-Kb
VAPTKAKRRV,0.261897,H-2-Kb
HKFYHYSVYI,0.261738,H-2-Kb
RQPLYENL,0.261641,H-2-Kb
FSNVNLILV,0.261458,H-2-Kb
STVFYVKA,0.261297,H-2-Kb
FAFYLCTL,0.261141,H-2-Kb
KAILSSVAL,0.260455,H-2-Kb
SHFVYTPS,0.258867,H-2-Kb
CLIFLLVL,0.258801,H-2-Kb
VSTAVLTTM,0.257834,H-2-Kb
AAARNFQPI,0.257151,H-2-Kb
RNIVNRLL,0.256697,H-2-Kb
IGMFNLTFI,0.255809,H-2-Kb
TGFNVHSL,0.25493,H-2-Kb
SRIWPWLL,0.254639,H-2-Kb
ISSNTGNL,0.254349,H-2-Kb
AINQVRSL,0.254273,H-2-Kb
VILFIMFMLI,0.253912,H-2-Kb
VNSIQRRTL,0.253772,H-2-Kb
QDAANAGNLL,0.253427,H-2-Kb
VILSVITA,0.253083,H-2-Kb
RQLALLASM,0.252667,H-2-Kb
RAQANDGFI,0.251857,H-2-Kb
MAAILAYTI,0.251847,H-2-Kb
IVLLSQSTI,0.251371,H-2-Kb
NMLNNLIDAI,0.251357,H-2-Kb
GSVNFLIL,0.250936,H-2-Kb
RCPLCKYPL,0.250936,H-2-Kb
TASALALEI,0.250781,H-2-Kb
LHHAFVDSI,0.25038,H-2-Kb
FMRGNRDFL,0.2487,H-2-Kb
KMLDNGVYL,0.247849,H-2-Kb
NELRVAPE,0.247494,H-2-Kb
VTVSNATL,0.247389,H-2-Kb
VTKYNMPPI,0.24658,H-2-Kb
YSITEGTTI,0.246,H-2-Kb
RKTRFLPV,0.245778,H-2-Kb
VGIDPFRL,0.245778,H-2-Kb
WGYSLNFM,0.245778,H-2-Kb
SRGLFGAI,0.245778,H-2-Kb
IAFLNPIYI,0.245727,H-2-Kb
TLTEYDDHI,0.245514,H-2-Kb
ITPSYVAF,0.245096,H-2-Kb
KFFEPKSQF,0.244467,H-2-Kb
RSLVGRTSL,0.244314,H-2-Kb
ASLTTSTL,0.243233,H-2-Kb
KEYALFYKL,0.242465,H-2-Kb
ALYRYLRA,0.242321,H-2-Kb
ISFHLVEDF,0.241143,H-2-Kb
HQRSDSSLV,0.241143,H-2-Kb
FMVSSIDEL,0.240764,H-2-Kb
SPRPEMQEF,0.240642,H-2-Kb
VTPLLKIL,0.240642,H-2-Kb
VMLLVLCV,0.240194,H-2-Kb
ISIIVLFQR,0.239895,H-2-Kb
KLWEWLGYL,0.239603,H-2-Kb
VSPLFLTS,0.239497,H-2-Kb
LANSHQRSD,0.239401,H-2-Kb
ALMRNLNSL,0.238949,H-2-Kb
FVLANPLMM,0.237663,H-2-Kb
YSALNLTAE,0.236732,H-2-Kb
AEFEYTIL,0.234486,H-2-Kb
IVIKLREQF,0.233436,H-2-Kb
IIFLFILL,0.233436,H-2-Kb
DLMGYIPL,0.233436,H-2-Kb
AAVLLGAPV,0.233386,H-2-Kb
VVCNAAML,0.232517,H-2-Kb
ITLALIAV,0.232294,H-2-Kb
KKLNSLDPM,0.232288,H-2-Kb
IGYQPKRI,0.231493,H-2-Kb
KEPHQLCETI,0.23138,H-2-Kb
ECYGYYWL,0.231347,H-2-Kb
TSLIAEGV,0.231071,H-2-Kb
GMALFLEEM,0.231025,H-2-Kb
YLLFASMGFK,0.230704,H-2-Kb
RVVVNQDYL,0.229578,H-2-Kb
HSINQTRTFL,0.229254,H-2-Kb
YMLENIQVM,0.229147,H-2-Kb
SAVRNDPAA,0.22832,H-2-Kb
LALLSIWYI,0.227573,H-2-Kb
IIFESASK,0.226537,H-2-Kb
SANALSTFI,0.226452,H-2-Kb
LSLINRVPI,0.225935,H-2-Kb
IIILAVLFI,0.225471,H-2-Kb
AFPKNDFV,0.22529,H-2-Kb
VINIVIIV,0.22526,H-2-Kb
SFSIFNDL,0.225154,H-2-Kb
AWLPYGII,0.225154,H-2-Kb
YKICLSGDGW,0.225048,H-2-Kb
YAKLSGAFL,0.224219,H-2-Kb
SGLFPVSL,0.223925,H-2-Kb
STLTSYLL,0.223687,H-2-Kb
ITLTNRDSM,0.223263,H-2-Kb
LQMENKAWL,0.222791,H-2-Kb
LSLVNQIKM,0.222488,H-2-Kb
NYITNPANL,0.2224,H-2-Kb
RTLLLLML,0.222141,H-2-Kb
SGMDSMKIL,0.221936,H-2-Kb
TNIKSLIPM,0.221345,H-2-Kb
RSELYKYKV,0.22116,H-2-Kb
FTSAALRNL,0.220519,H-2-Kb
YALIDGIFL,0.22017,H-2-Kb
LSILLRDWL,0.219654,H-2-Kb
IKECFRKL,0.219189,H-2-Kb
VDDGFLDI,0.219189,H-2-Kb
QPEWFRNV,0.219189,H-2-Kb
VGKEFNKL,0.219189,H-2-Kb
VRTLFQQM,0.219189,H-2-Kb
DRSPYRAL,0.219189,H-2-Kb
LLPIFFCL,0.219189,H-2-Kb
LRSRYWAI,0.219189,H-2-Kb
TTYWWDGL,0.219189,H-2-Kb
FLTGYLQL,0.218839,H-2-Kb
FYYEYFEL,0.218496,H-2-Kb
EESVYRSL,0.218126,H-2-Kb
VAVIMAIYL,0.217682,H-2-Kb
DQIENIAKL,0.217677,H-2-Kb
LSVSDRCPL,0.217553,H-2-Kb
SAETNTHGL,0.217192,H-2-Kb
VEFLLYRL,0.217165,H-2-Kb
NSLINAEFM,0.216099,H-2-Kb
ICQNFILL,0.216056,H-2-Kb
WALCEALTL,0.216022,H-2-Kb
VKISDITKV,0.214116,H-2-Kb
IGTTAAIV,0.213966,H-2-Kb
LKHLNPCDYV,0.213928,H-2-Kb
TSNVITDQTV,0.213425,H-2-Kb
MAHLRKVIL,0.213369,H-2-Kb
AGTINHPAI,0.213305,H-2-Kb
FSRRNATGL,0.213127,H-2-Kb
MMGMFNML,0.212813,H-2-Kb
VLRGFLIL,0.212813,H-2-Kb
AAAANAAAM,0.212813,H-2-Kb
AKGVFLSL,0.212462,H-2-Kb
AMPADFCAI,0.212132,H-2-Kb
KRGIYKII,0.212076,H-2-Kb
LQAGYIPV,0.211182,H-2-Kb
NTITLPCRI,0.211147,H-2-Kb
IVKAYYNR,0.211,H-2-Kb
VAVKGRFQL,0.210706,H-2-Kb
LNLVNRRAV,0.210607,H-2-Kb
VAIEPPEL,0.210548,H-2-Kb
LKLLNTRR,0.21044,H-2-Kb
SGGAYRLI,0.209451,H-2-Kb
VLQTFMRMAW,0.208833,H-2-Kb
KAFKSLKDLW,0.208833,H-2-Kb
IGVITDFEL,0.208187,H-2-Kb
GAVCISLTL,0.207392,H-2-Kb
YLVAYQATV,0.206043,H-2-Kb
RKLLFNIL,0.205963,H-2-Kb
MTLYTIAI,0.205734,H-2-Kb
YSVLNTFQA,0.205242,H-2-Kb
RMNSNQVCI,0.205188,H-2-Kb
GDDTYLFGV,0.204646,H-2-Kb
ILDDNLYKV,0.204513,H-2-Kb
SGIVCPGL,0.20434,H-2-Kb
FGFGWFSYRM,0.204004,H-2-Kb
ASLANVDLV,0.203778,H-2-Kb
VIVRFLTV,0.202758,H-2-Kb
RALLLYVNI,0.201534,H-2-Kb
VLIAGIILL,0.201262,H-2-Kb
VAIQAVLSL,0.201213,H-2-Kb
VPYCNYSKF,0.200541,H-2-Kb
VIIVLIVI,0.199735,H-2-Kb
YVPRPDDPV,0.199605,H-2-Kb
IEPSNEEKI,0.198983,H-2-Kb
LRKGYAPL,0.198565,H-2-Kb
MEIKYQGV,0.198333,H-2-Kb
RAVSIQPCM,0.198175,H-2-Kb
ASNENMETM,0.198144,H-2-Kb
PNYDRLRKL,0.197986,H-2-Kb
SFHSTKEEFI,0.197829,H-2-Kb
TEYDDHINL,0.197672,H-2-Kb
SLLKNDIPM,0.196845,H-2-Kb
PSKENRLSI,0.196735,H-2-Kb
CALMDCIIF,0.19658,H-2-Kb
AAFKVRPT,0.19645,H-2-Kb
VQVPNAQLL,0.196369,H-2-Kb
YSAMIHPGRI,0.196162,H-2-Kb
SQIMSLPSL,0.196068,H-2-Kb
LLLISGALFL,0.195849,H-2-Kb
VDLCNGDPI,0.195583,H-2-Kb
LGLSNKLPV,0.195476,H-2-Kb
YASKIRKVI,0.195413,H-2-Kb
HATANVAEL,0.194827,H-2-Kb
KIITIGSI,0.194632,H-2-Kb
LWDDFGMDNV,0.19439,H-2-Kb
FSLMVSSF,0.194132,H-2-Kb
STLKTFFWF,0.194132,H-2-Kb
SGYPYHKQ,0.193897,H-2-Kb
FQNVNQWIM,0.193651,H-2-Kb
AGLDNKFYL,0.192604,H-2-Kb
SLLRNDVPM,0.192355,H-2-Kb
ITTSVLKSFF,0.192337,H-2-Kb
LTVINRLQL,0.192152,H-2-Kb
SITNKADTSSF,0.191562,H-2-Kb
LEYSNQNE,0.19116,H-2-Kb
LTPEFMPA,0.190795,H-2-Kb
DVKDSSLLNN,0.190722,H-2-Kb
KYTSFPWL,0.190576,H-2-Kb
IAVTPRPPI,0.190138,H-2-Kb
VLFTVLAIV,0.189257,H-2-Kb
GAIKNSTAI,0.189094,H-2-Kb
YVRSGKDHV,0.188849,H-2-Kb
ILFPGILWI,0.188728,H-2-Kb
AYERMCNIL,0.188611,H-2-Kb
IPYSLGGI,0.188195,H-2-Kb
NRYFYCQL,0.188069,H-2-Kb
FTTVIKTLL,0.186734,H-2-Kb
ASIFWGMV,0.186001,H-2-Kb
IALLDTVAV,0.184649,H-2-Kb
VSVTDVTL,0.18453,H-2-Kb
ILALPILLAV,0.183965,H-2-Kb
LAILCFCCL,0.183407,H-2-Kb
SQMLTRGQL,0.183303,H-2-Kb
GQIRCSSNI,0.182639,H-2-Kb
SGYDSLDGV,0.18263,H-2-Kb
SSILNLHTL,0.18229,H-2-Kb
AAVYNRHIL,0.182132,H-2-Kb
FVILLVLV,0.181715,H-2-Kb
CSSIFNIV,0.181715,H-2-Kb
LAGTFTWTL,0.181715,H-2-Kb
TQCGYPAL,0.181715,H-2-Kb
CNGTYEGL,0.181715,H-2-Kb
PLYDMSLL,0.181715,H-2-Kb
ATITTGVL,0.181715,H-2-Kb
NSLGFVIL,0.181715,H-2-Kb
TGYTMDTV,0.181715,H-2-Kb
IGNAAGIPL,0.181688,H-2-Kb
FTKDPVALV,0.181319,H-2-Kb
MAHLFVTT,0.180275,H-2-Kb
QSISIADII,0.180215,H-2-Kb
IGLCKTLGS,0.179755,H-2-Kb
VCLALTNSM,0.178727,H-2-Kb
PKISFEPI,0.178677,H-2-Kb
AVAAAQRL,0.178625,H-2-Kb
AHINALEYI,0.178524,H-2-Kb
MLCMFIPSV,0.178243,H-2-Kb
RSTHNDEIM,0.178217,H-2-Kb
CTFMIITSTK,0.177963,H-2-Kb
TNPKAFKSL,0.177963,H-2-Kb
AWLLNILTI,0.177683,H-2-Kb
SHLENMKSL,0.177398,H-2-Kb
FNLQSIIPI,0.176905,H-2-Kb
EEIEYTIL,0.175692,H-2-Kb
KSLLNIFSI,0.175064,H-2-Kb
DMLLWKLPV,0.174779,H-2-Kb
GSVPALTI,0.174724,H-2-Kb
TARPKRWLL,0.174378,H-2-Kb
TIITNREAL,0.173375,H-2-Kb
STLSTQEAL,0.172954,H-2-Kb
KGPCKNVSTV,0.171471,H-2-Kb
SALRSPYPA,0.171439,H-2-Kb
WQVVNWDFV,0.170882,H-2-Kb
VHPRSVLI,0.169605,H-2-Kb
FYIQMCTEL,0.169528,H-2-Kb
RGYSNDLEM,0.169078,H-2-Kb
GYLTDNDEI,0.169063,H-2-Kb
YIIRVTTEL,0.168568,H-2-Kb
YRLQNYECL,0.168442,H-2-Kb
AAVTAGVAL,0.1682,H-2-Kb
SGIVSSQCTV,0.167565,H-2-Kb
AAIFNRLKI,0.167352,H-2-Kb
VALQNASEI,0.166933,H-2-Kb
IHIGPGRAF,0.166925,H-2-Kb
ASYKIFKI,0.166694,H-2-Kb
SGYSGSFV,0.166694,H-2-Kb
SSDDQITLF,0.166194,H-2-Kb
FYYVIYEAV,0.166082,H-2-Kb
VNGVVRLL,0.165278,H-2-Kb
RGLCCVLLL,0.164386,H-2-Kb
ATVTGGIFL,0.162992,H-2-Kb
TDGFFEVVSW,0.162858,H-2-Kb
YALTVTQII,0.162584,H-2-Kb
AGIPNTATHV,0.162262,H-2-Kb
HNTSDLYGLI,0.16226,H-2-Kb
RSTELQNITF,0.161727,H-2-Kb
AAIPAPPPI,0.161676,H-2-Kb
FMFVNGALT,0.161638,H-2-Kb
INIVIIVLI,0.160459,H-2-Kb
FSVDHVKNI,0.159884,H-2-Kb
AALLDGGNM,0.159832,H-2-Kb
MIYVRAKA,0.15943,H-2-Kb
NSYDFFHT,0.15925,H-2-Kb
YLIIICVLVV,0.159026,H-2-Kb
LKHSIKLDVI,0.158755,H-2-Kb
FQQLNKRLL,0.158516,H-2-Kb
PSLQNITRYI,0.158504,H-2-Kb
FSPDVLETVP,0.157551,H-2-Kb
RLISCDTSV,0.157387,H-2-Kb
VVLANASRI,0.157132,H-2-Kb
EMGRLPTFM,0.156065,H-2-Kb
LSPMEIYGL,0.1559,H-2-Kb
SAQVMHDPF,0.155641,H-2-Kb
SHLRSTDPL,0.155352,H-2-Kb
IVSDFSSTS,0.154764,H-2-Kb
GAPRNRELF,0.154606,H-2-Kb
YSLPNAGDVI,0.154076,H-2-Kb
QQILQQQLI,0.153877,H-2-Kb
MILLQMNA,0.153393,H-2-Kb
ILAILAIATLMSV,0.15317,H-2-Kb
RTLLGLILFV,0.152042,H-2-Kb
YQNELHQAL,0.151689,H-2-Kb
KHIPERCEF,0.151374,H-2-Kb
WAIINTIYF,0.151184,H-2-Kb
HALLNATTY,0.151019,H-2-Kb
KGLKNDKHWV,0.150711,H-2-Kb
MSYCVVKA,0.150636,H-2-Kb
LALMDLLMF,0.150334,H-2-Kb
SALANWKIL,0.149497,H-2-Kb
AAFQNPWLI,0.149428,H-2-Kb
FYLFFEYI,0.149074,H-2-Kb
DRNPYENI,0.14875,H-2-Kb
GNSNYKAV,0.14875,H-2-Kb
LCKQYLNL,0.14875,H-2-Kb
NGLDFSEV,0.14875,H-2-Kb
PQFPFKGV,0.14875,H-2-Kb
ENILYKVCL,0.14875,H-2-Kb
LQAGFFLL,0.14875,H-2-Kb
TCGIFALI,0.14875,H-2-Kb
LFILLLCL,0.14875,H-2-Kb
HDAEFCDM,0.14875,H-2-Kb
QDSKYSHGM,0.14875,H-2-Kb
SGVENPGGYCL,0.14875,H-2-Kb
ENITSGFL,0.14875,H-2-Kb
LTIERMVL,0.14875,H-2-Kb
PGYRWMCL,0.14875,H-2-Kb
VVEAYHLL,0.148583,H-2-Kb
HALVSGVPL,0.148294,H-2-Kb
NAVKNNYDF,0.148197,H-2-Kb
GIFSNPHPV,0.147616,H-2-Kb
YFPSPTDCEI,0.14742,H-2-Kb
VLGATLLFFVIAL,0.147398,H-2-Kb
ASLLSEENL,0.146804,H-2-Kb
YAARLRPVL,0.146691,H-2-Kb
RAARALSYI,0.146117,H-2-Kb
VGIGNRDFV,0.146068,H-2-Kb
LSCQGSDDI,0.146018,H-2-Kb
LEYSISNDL,0.145329,H-2-Kb
VAKEKNATL,0.145151,H-2-Kb
YTILIILVI,0.144549,H-2-Kb
VLGMLIPLSVCSV,0.14435,H-2-Kb
AVVCLVDTL,0.144013,H-2-Kb
IAAGRIGLGI,0.143863,H-2-Kb
HLPTMYDGL,0.143364,H-2-Kb
MSLAADLEKL,0.143364,H-2-Kb
NGRQHVPV,0.143303,H-2-Kb
LVIASTIVI,0.142964,H-2-Kb
CTITPFGI,0.142692,H-2-Kb
FSLSPVDEA,0.141374,H-2-Kb
LALLAAFKV,0.14081,H-2-Kb
YQPLLSNTL,0.140273,H-2-Kb
VILQNPFLL,0.140099,H-2-Kb
ADLVNHPPV,0.13974,H-2-Kb
SALALGHPA,0.139706,H-2-Kb
NDVSNKDSL,0.139339,H-2-Kb
YYLANGGFL,0.13932,H-2-Kb
RTIHQETYI,0.139003,H-2-Kb
IGISNRDFV,0.138461,H-2-Kb
EAVEGSTEL,0.135832,H-2-Kb
ILTPSLCLW,0.135832,H-2-Kb
LSVLSPNFI,0.135542,H-2-Kb
LIILLISI,0.135352,H-2-Kb
LILGLVLAL,0.135326,H-2-Kb
IPFIAYFVLM,0.135225,H-2-Kb
FMSDMSSKN,0.135032,H-2-Kb
QFIKPVSDL,0.135032,H-2-Kb
QLLLNGSL,0.134854,H-2-Kb
LANLNIHTI,0.134822,H-2-Kb
TAIKNADII,0.134557,H-2-Kb
GYKDGNEYI,0.134445,H-2-Kb
KVPRNQDWL,0.133885,H-2-Kb
NANVYREGV,0.133609,H-2-Kb
RQLANLSKI,0.13268,H-2-Kb
LTHSINALI,0.132672,H-2-Kb
LVLLNVAAE,0.131919,H-2-Kb
STCYVFGLY,0.131899,H-2-Kb
IVIIVLIV,0.131899,H-2-Kb
SATLRKYCI,0.131745,H-2-Kb
MALPPCHL,0.131499,H-2-Kb
DTVDYSAM,0.131185,H-2-Kb
WVTVYYGV,0.130928,H-2-Kb
NALTNDGPT,0.130366,H-2-Kb
FLFEMLKGV,0.129969,H-2-Kb
PAARNGDAL,0.12973,H-2-Kb
NAVRLRHPL,0.129153,H-2-Kb
YGLLSERFI,0.128868,H-2-Kb
HSLPRCWL,0.128868,H-2-Kb
LSLGDLDTI,0.128427,H-2-Kb
QICKGMDYL,0.127551,H-2-Kb
AILCVPNA,0.127305,H-2-Kb
LSSVNADTL,0.127237,H-2-Kb
LLNILTIAV,0.126735,H-2-Kb
LAAAFLLL,0.126659,H-2-Kb
LSFDNRESL,0.126158,H-2-Kb
IKGLNPTAI,0.12577,H-2-Kb
GKAMYAPPI,0.125392,H-2-Kb
AMFHNGRVV,0.125271,H-2-Kb
LLNTRRRQL,0.125215,H-2-Kb
FMKIGAHPI,0.124501,H-2-Kb
EGYVFYEN,0.124135,H-2-Kb
TLLVVGILLVV,0.123727,H-2-Kb
VGVGASRV,0.123244,H-2-Kb
ESLSLISHVV,0.12309,H-2-Kb
IASVNPTAM,0.12299,H-2-Kb
SANRDVLML,0.122678,H-2-Kb
EQLKNIQSL,0.122392,H-2-Kb
IGLGLTRL,0.121336,H-2-Kb
HTLFYRDV,0.120972,H-2-Kb
YEIVGGRFRL,0.120331,H-2-Kb
TGIAGSFCL,0.120144,H-2-Kb
SALRTGWHM,0.120029,H-2-Kb
SFECSRTPL,0.119846,H-2-Kb
PQAYFEKNL,0.119742,H-2-Kb
KTYQPQTPI,0.119478,H-2-Kb
FLLVAHYAI,0.119395,H-2-Kb
ITIGSICL,0.117652,H-2-Kb
IYDLFVWM,0.117652,H-2-Kb
RGPGRAFVTI,0.117652,H-2-Kb
EGYSLVGI,0.117652,H-2-Kb
ETYVLSII,0.117652,H-2-Kb
FKIEKGKV,0.117652,H-2-Kb
FVIREPFI,0.117652,H-2-Kb
KQIVERIL,0.117652,H-2-Kb
LPIHTAEL,0.117652,H-2-Kb
RAIATPGM,0.117652,H-2-Kb
YLIRALTL,0.117652,H-2-Kb
AGVGYNFI,0.117652,H-2-Kb
DKDDYHSLL,0.117652,H-2-Kb
EAIIVAMV,0.117652,H-2-Kb
FNIVSNSL,0.117652,H-2-Kb
HLYSHPII,0.117652,H-2-Kb
PGRPYKAI,0.117652,H-2-Kb
SWIELDEI,0.117652,H-2-Kb
TLEGFASPL,0.117652,H-2-Kb
AIILTDGI,0.117652,H-2-Kb
CNIAGWLL,0.117652,H-2-Kb
ILGAFVLL,0.117652,H-2-Kb
KIYNRNIV,0.117652,H-2-Kb
KNIPNEPI,0.117652,H-2-Kb
RMYRPDAI,0.117652,H-2-Kb
GIIGGLAI,0.117652,H-2-Kb
GNIISIWI,0.117652,H-2-Kb
RPSLYTKV,0.117652,H-2-Kb
TRIAYERM,0.117652,H-2-Kb
GALRLGAVM,0.11702,H-2-Kb
YQHTHKAIL,0.116158,H-2-Kb
LLLTLGIPGL,0.11613,H-2-Kb
NKNLNKSYI,0.114758,H-2-Kb
TALTGATEI,0.114668,H-2-Kb
EAIALLDTV,0.114628,H-2-Kb
FKTTVNSLI,0.114408,H-2-Kb
SNVVDSNML,0.114408,H-2-Kb
RAPQNRPSV,0.114303,H-2-Kb
QAGWNASSV,0.11352,H-2-Kb
LLILNCSWI,0.11332,H-2-Kb
SAHWGQRAL,0.11167,H-2-Kb
AAKLNRPPL,0.111581,H-2-Kb
GAPGSPTNL,0.110759,H-2-Kb
KSPSAPPI,0.110051,H-2-Kb
YQVVECKEVF,0.110051,H-2-Kb
GRSKFSPDV,0.109923,H-2-Kb
IAEITRQYM,0.10933,H-2-Kb
QSLVGTYVI,0.108829,H-2-Kb
ATVRSTLPI,0.107524,H-2-Kb
QAEKPLADL,0.107514,H-2-Kb
FSHSGVYCL,0.107398,H-2-Kb
DNFTNNAKTI,0.10734,H-2-Kb
LAMATMDLI,0.107213,H-2-Kb
DLMGYRMYV,0.106881,H-2-Kb
NDTLYGGL,0.106467,H-2-Kb
MQLKYGDV,0.106409,H-2-Kb
ISVRVMTAP,0.10635,H-2-Kb
FSHLNQCQI,0.105893,H-2-Kb
SVTLITSL,0.105741,H-2-Kb
FLPRLGTEL,0.105645,H-2-Kb
AGANVLNGL,0.105623,H-2-Kb
FLIVSLCPT,0.104335,H-2-Kb
RYRMFDKL,0.104248,H-2-Kb
LPQEFISWFA,0.103172,H-2-Kb
RGLCGLDEL,0.102045,H-2-Kb
TSTINIQPI,0.101947,H-2-Kb
MGGGVSVELP,0.101542,H-2-Kb
KKSVYTCAI,0.100946,H-2-Kb
AAIANQAAV,0.100613,H-2-Kb
GESRKTFVEL,0.100424,H-2-Kb
AAACNVATA,0.100424,H-2-Kb
FVVMLIIIM,0.100261,H-2-Kb
YLIKQILFV,0.0993661,H-2-Kb
FTIRLDEAL,0.0990967,H-2-Kb
FELVNAATI,0.0989881,H-2-Kb
LLLLGVVFALV,0.0987015,H-2-Kb
YSQTGAHAGI,0.0985349,H-2-Kb
FRVDLRTL,0.0981656,H-2-Kb
FAATSREAL,0.0978695,H-2-Kb
ASISLIDAL,0.0976021,H-2-Kb
VLMLPVWFL,0.0974867,H-2-Kb
GWGFWVSGHV,0.0974827,H-2-Kb
SLVENNFFT,0.0965429,H-2-Kb
STNVSIHAI,0.0963634,H-2-Kb
NCINNTIAL,0.0959778,H-2-Kb
TSLINGDNQ,0.0958581,H-2-Kb
FQPSTEQLKN,0.0954571,H-2-Kb
NALLLGVFL,0.0952618,H-2-Kb
YIPVNPNL,0.0950375,H-2-Kb
LYEKVKSQL,0.0950141,H-2-Kb
FQLPNTQHI,0.0948549,H-2-Kb
YLLANNPPP,0.0946337,H-2-Kb
GINENGTEI,0.0943909,H-2-Kb
SANRLRHLI,0.0942823,H-2-Kb
APAGFAIL,0.0940918,H-2-Kb
VPNYNLIIM,0.0939648,H-2-Kb
LNPVASSL,0.0939124,H-2-Kb
YLPEVISTI,0.0936141,H-2-Kb
TVPASPGL,0.0934895,H-2-Kb
KIIRNRGHM,0.0929388,H-2-Kb
LRLKPCYPYI,0.0927332,H-2-Kb
ARQGNDLEI,0.0921592,H-2-Kb
SLFLPAILGV,0.091291,H-2-Kb
EMLAYASL,0.0911458,H-2-Kb
AVLTHVKIN,0.0901866,H-2-Kb
AGNAFTAGKV,0.0898226,H-2-Kb
CGLAVCNA,0.0893593,H-2-Kb
KLIDNSLIL,0.0889422,H-2-Kb
KIFVVSAT,0.0888551,H-2-Kb
LAKVVSQL,0.087559,H-2-Kb
ATQKIKTL,0.0874641,H-2-Kb
PTDPNPQEV,0.0869683,H-2-Kb
FQACNTDAL,0.0865897,H-2-Kb
GYRMYVGGV,0.0859976,H-2-Kb
SGKDHVSTL,0.0856155,H-2-Kb
FLLRHLSSV,0.0853474,H-2-Kb
GAMRAVVPI,0.0852507,H-2-Kb
INQMVRLI,0.0845527,H-2-Kb
STHVNPDGV,0.0845355,H-2-Kb
RQGSTPLAL,0.0842257,H-2-Kb
DIDMFAIM,0.0826822,H-2-Kb
DALKNFGMI,0.082623,H-2-Kb
CNLTDQTEI,0.0814156,H-2-Kb
QLPQFEEI,0.0809972,H-2-Kb
DNPIYATA,0.0805661,H-2-Kb
LSRMRASM,0.0805181,H-2-Kb
LFSDLANSHQR,0.0793012,H-2-Kb
AAVVNRSLV,0.079293,H-2-Kb
EANIDIDPM,0.0791528,H-2-Kb
ISESITKTL,0.0781359,H-2-Kb
NMWKNNMV,0.0770986,H-2-Kb
SEHLEQECHI,0.0762988,H-2-Kb
ILGGLILTTV,0.0756078,H-2-Kb
QLIPCMDVV,0.0747505,H-2-Kb
NVTRNPTHL,0.0738532,H-2-Kb
AEERYPIL,0.0734701,H-2-Kb
ALILRGSV,0.0734701,H-2-Kb
AYAAAAAAAAI,0.0734701,H-2-Kb
CRWSYTEI,0.0734701,H-2-Kb
DLIGGAML,0.0734701,H-2-Kb
EFEPFQSL,0.0734701,H-2-Kb
EKYNLTSV,0.0734701,H-2-Kb
EQIDIHIL,0.0734701,H-2-Kb
FIIFSLCL,0.0734701,H-2-Kb
GIPLYDAI,0.0734701,H-2-Kb
GNAEFEDL,0.0734701,H-2-Kb
LGGLYEAI,0.0734701,H-2-Kb
LGQKFEEI,0.0734701,H-2-Kb
LVNTYQWI,0.0734701,H-2-Kb
NLYNIRNL,0.0734701,H-2-Kb
PTLLFLKV,0.0734701,H-2-Kb
QRSKFLLM,0.0734701,H-2-Kb
SYFPEITHI,0.0734701,H-2-Kb
TEYIMKGV,0.0734701,H-2-Kb
TGICNQNI,0.0734701,H-2-Kb
TKRSYEQM,0.0734701,H-2-Kb
VRISKMGV,0.0734701,H-2-Kb
VTCLGLSY,0.0734701,H-2-Kb
YQIGLFRV,0.0734701,H-2-Kb
AKSVFNSL,0.0734701,H-2-Kb
AMDDFQLI,0.0734701,H-2-Kb
DSIFEQWL,0.0734701,H-2-Kb
EAYFKDCL,0.0734701,H-2-Kb
EGYEEFTM,0.0734701,H-2-Kb
GSIGAASM,0.0734701,H-2-Kb
ISQAVHAAHAEINE,0.0734701,H-2-Kb
KGIAPLQL,0.0734701,H-2-Kb
KGINPNYL,0.0734701,H-2-Kb
KKEEFTEI,0.0734701,H-2-Kb
LEIGDMLL,0.0734701,H-2-Kb
MKINIASI,0.0734701,H-2-Kb
NGSCFTIM,0.0734701,H-2-Kb
NPRMFLAM,0.0734701,H-2-Kb
PASFFIKL,0.0734701,H-2-Kb
PQIANCSV,0.0734701,H-2-Kb
PRFKFVWV,0.0734701,H-2-Kb
PSDFFPSV,0.0734701,H-2-Kb
PVINVQDL,0.0734701,H-2-Kb
RNIFDLSV,0.0734701,H-2-Kb
SDYEGRLI,0.0734701,H-2-Kb
VKNLYEKV,0.0734701,H-2-Kb
CLINDPWV,0.0734701,H-2-Kb
CPIRGWAI,0.0734701,H-2-Kb
DAIFDEWL,0.0734701,H-2-Kb
DFIDYEEL,0.0734701,H-2-Kb
EAIEECLI,0.0734701,H-2-Kb
EFTKYKYL,0.0734701,H-2-Kb
EKIDIQEI,0.0734701,H-2-Kb
EPAPFEDV,0.0734701,H-2-Kb
EPINPEEL,0.0734701,H-2-Kb
ETNKFAAI,0.0734701,H-2-Kb
FFITSKDL,0.0734701,H-2-Kb
HQILPKVL,0.0734701,H-2-Kb
KENRFIEI,0.0734701,H-2-Kb
KPYYPEHL,0.0734701,H-2-Kb
KSIHPDYV,0.0734701,H-2-Kb
KWEKYCVL,0.0734701,H-2-Kb
LKHRFEII,0.0734701,H-2-Kb
LVGFLLLK,0.0734701,H-2-Kb
MYSDFHFI,0.0734701,H-2-Kb
NTVHYPKI,0.0734701,H-2-Kb
NVIPILPI,0.0734701,H-2-Kb
PAILRRNI,0.0734701,H-2-Kb
PAITVKVL,0.0734701,H-2-Kb
PSIQSRGL,0.0734701,H-2-Kb
QSIAEAII,0.0734701,H-2-Kb
RVYQEPQV,0.0734701,H-2-Kb
TENSFEQI,0.0734701,H-2-Kb
TQIPAEML,0.0734701,H-2-Kb
TVSSFQDI,0.0734701,H-2-Kb
VRQCFNPM,0.0734701,H-2-Kb
WEIVCDSL,0.0734701,H-2-Kb
YKIAGGII,0.0734701,H-2-Kb
YNSRFESV,0.0734701,H-2-Kb
ARAQFPRV,0.0734701,H-2-Kb
DAIQLAII,0.0734701,H-2-Kb
DNKLYHVL,0.0734701,H-2-Kb
DPGFYRNYI,0.0734701,H-2-Kb
EEYNSHQV,0.0734701,H-2-Kb
EKIRPLLI,0.0734701,H-2-Kb
HCIRNKSV,0.0734701,H-2-Kb
HDYCSRNL,0.0734701,H-2-Kb
HSAAFEDL,0.0734701,H-2-Kb
HTISSVYV,0.0734701,H-2-Kb
KHGTFGPV,0.0734701,H-2-Kb
KHIATNAV,0.0734701,H-2-Kb
LESLFTAV,0.0734701,H-2-Kb
MLIPKQKV,0.0734701,H-2-Kb
MSIGVTVI,0.0734701,H-2-Kb
NDPVFVVL,0.0734701,H-2-Kb
NGIIRNLV,0.0734701,H-2-Kb
NGYIEGKL,0.0734701,H-2-Kb
PTGTYGQM,0.0734701,H-2-Kb
QAIMDKNI,0.0734701,H-2-Kb
RKIRRRQI,0.0734701,H-2-Kb
SCIETMEV,0.0734701,H-2-Kb
SDYCLSLI,0.0734701,H-2-Kb
SSILRSKI,0.0734701,H-2-Kb
SVIEKMNI,0.0734701,H-2-Kb
TVIKNNMI,0.0734701,H-2-Kb
VLIGQGDV,0.0734701,H-2-Kb
AMIKNLDFI,0.0734701,H-2-Kb
APIGHNRM,0.0734701,H-2-Kb
DPLSYNYI,0.0734701,H-2-Kb
EREGYSLV,0.0734701,H-2-Kb
FSYMDDVV,0.0734701,H-2-Kb
GKYGSQNV,0.0734701,H-2-Kb
ICYPGDFI,0.0734701,H-2-Kb
ILYDKEEI,0.0734701,H-2-Kb
KEGSYPKL,0.0734701,H-2-Kb
LDYQIGYI,0.0734701,H-2-Kb
LIIQDEPI,0.0734701,H-2-Kb
LKANFSVI,0.0734701,H-2-Kb
LNISNDEI,0.0734701,H-2-Kb
NENAYVSV,0.0734701,H-2-Kb
NGIITETI,0.0734701,H-2-Kb
NLYVSLLL,0.0734701,H-2-Kb
PFISCSHL,0.0734701,H-2-Kb
PLILSRIV,0.0734701,H-2-Kb
PQIPIPPV,0.0734701,H-2-Kb
QNIHPVTI,0.0734701,H-2-Kb
RKAAYPAV,0.0734701,H-2-Kb
SRHGFEMI,0.0734701,H-2-Kb
TEIEKIDI,0.0734701,H-2-Kb
TQYESGSM,0.0734701,H-2-Kb
YKTYFERV,0.0734701,H-2-Kb
YPILPEYL,0.0734701,H-2-Kb
RPQASGVYM,0.0733909,H-2-Kb
SCAVNEAAM,0.0733618,H-2-Kb
LAPGSGVPV,0.0729055,H-2-Kb
FLMMNKDEL,0.0727201,H-2-Kb
CAIRNPEEL,0.0716809,H-2-Kb
ESVNFDSKI,0.0713684,H-2-Kb
GNADNLKSV,0.0704408,H-2-Kb
AQMWSLMYF,0.0704267,H-2-Kb
STTTNSGLM,0.0695844,H-2-Kb
SALCTSDVA,0.0686315,H-2-Kb
AAQRLVHAIA,0.0680055,H-2-Kb
QALTDLGLL,0.0674516,H-2-Kb
YNLLSRQVI,0.0669894,H-2-Kb
LLTACTIFY,0.0668368,H-2-Kb
DSVTSLDDL,0.0668095,H-2-Kb
GQLLKLSTI,0.0665025,H-2-Kb
THTVKTDVL,0.0663082,H-2-Kb
DVLGFGAYM,0.0656988,H-2-Kb
LMLAAGITFV,0.0646196,H-2-Kb
LMRNHLRDLM,0.0644334,H-2-Kb
RQLLNLDVL,0.064063,H-2-Kb
SADHSATPM,0.064063,H-2-Kb
FEISKLVEI,0.0637673,H-2-Kb
RMNVLADAL,0.0623379,H-2-Kb
VAVIIIIL,0.0622002,H-2-Kb
YKYKVVKI,0.0617315,H-2-Kb
GLKGPDIYKG,0.0615107,H-2-Kb
FTSTALDL,0.0615107,H-2-Kb
LANDYARKI,0.0600266,H-2-Kb
IGMIFQNP,0.0599453,H-2-Kb
FFLPIFSDEV,0.0597298,H-2-Kb
AAVQLLFPA,0.0596438,H-2-Kb
SVLSNAPNEI,0.0591934,H-2-Kb
SSRCYSIQ,0.059027,H-2-Kb
AVNLAQILMD,0.059027,H-2-Kb
SGRLKFALS,0.05695,H-2-Kb
FTRRLAGT,0.05695,H-2-Kb
IIDEVINI,0.05695,H-2-Kb
AAVANGFAA,0.056667,H-2-Kb
AAITIATPI,0.0565947,H-2-Kb
QNPGVAELL,0.0559287,H-2-Kb
EFTTFVEI,0.0558983,H-2-Kb
FAILKCNDKT,0.0542859,H-2-Kb
RENLLLGVGL,0.0537364,H-2-Kb
AGYANAAD,0.0531245,H-2-Kb
LMDSIFVST,0.0530813,H-2-Kb
AALSKFKEDV,0.0519529,H-2-Kb
QGLTNPKAF,0.0516292,H-2-Kb
ITVIDLDPI,0.0516085,H-2-Kb
TVRLPIHV,0.0515484,H-2-Kb
LPYYDPWFL,0.0497546,H-2-Kb
RPDTRHLRV,0.0493943,H-2-Kb
VLPHLCLDYK,0.0490881,H-2-Kb
LVITVQAFI,0.0478397,H-2-Kb
YAQIQPHWI,0.0477653,H-2-Kb
AAGRKSLTL,0.0476918,H-2-Kb
SSNTNTTTN,0.0476814,H-2-Kb
IGDLRTKMF,0.0472122,H-2-Kb
PETSNVLRNI,0.046877,H-2-Kb
FGRRNMFFV,0.0460671,H-2-Kb
SLGAAVKA,0.0458824,H-2-Kb
WSPHQVNRAIK,0.045382,H-2-Kb
LLMEACVPKV,0.0453331,H-2-Kb
RQDSGYDSL,0.0446779,H-2-Kb
VGHEFVGEI,0.044418,H-2-Kb
NQLLARPFL,0.0435993,H-2-Kb
LAMGFGRA,0.0425511,H-2-Kb
HYYTNGYYV,0.0417939,H-2-Kb
SDSSLVDEF,0.0415366,H-2-Kb
SRQFGFIVL,0.0413977,H-2-Kb
DSLLNELSTM,0.0406942,H-2-Kb
LSTCNRTEI,0.0396067,H-2-Kb
FAYDGCDYI,0.0393237,H-2-Kb
FNNLNPDYM,0.0383069,H-2-Kb
YAGETDLFI,0.0377781,H-2-Kb
WAKNIQTAI,0.036732,H-2-Kb
DYYDNVRNV,0.0365492,H-2-Kb
SANPNADII,0.0361411,H-2-Kb
ALLLGVFVTL,0.0360377,H-2-Kb
TVLQNLDVG,0.035821,H-2-Kb
RAKWNDTL,0.0356578,H-2-Kb
LSSPTKRSQTF,0.0353728,H-2-Kb
VALPNPDPG,0.0352198,H-2-Kb
YLELGNATL,0.0347784,H-2-Kb
FQKVNPEGL,0.0340274,H-2-Kb
CHEGINPNM,0.0334947,H-2-Kb
YLITNYLPS,0.0327409,H-2-Kb
SLAALIVGLVFAL,0.0320315,H-2-Kb
FAHLFLIFT,0.0317951,H-2-Kb
FNILGGWV,0.0306251,H-2-Kb
QESEFSFYGD,0.0298593,H-2-Kb
VQQPIIEKL,0.0291854,H-2-Kb
ILGGGLLVGLLPAV,0.0287388,H-2-Kb
STELSPLYF,0.0283301,H-2-Kb
ISEPTIHLV,0.0280793,H-2-Kb
VSLVNSIQRR,0.0256079,H-2-Kb
FFVNPKEAI,0.0256079,H-2-Kb
KIVVNLTG,0.0252866,H-2-Kb
VNFEFPEF,0.0239549,H-2-Kb
GLAIFLPLV,0.0237926,H-2-Kb
SQGLPEEL,0.0233697,H-2-Kb
AAASVVGAPV,0.0227374,H-2-Kb
ALSLIIVSV,0.0222124,H-2-Kb
SAGAAAGAL,0.0204736,H-2-Kb
VIKFYQLH,0.0204736,H-2-Kb
LAVAGVTLV,0.019704,H-2-Kb
FKVNDGVFDI,0.0192476,H-2-Kb
FSEVSNVQRI,0.0181163,H-2-Kb
RKQLNNANV,0.0177844,H-2-Kb
VNPHSTSL,0.0177844,H-2-Kb
WPALNLFSV,0.0177041,H-2-Kb
SAVPSHWVP,0.0172598,H-2-Kb
NAHDNFLAGG,0.0172279,H-2-Kb
GSVRYQVV,0.0172212,H-2-Kb
SSPRHTEA,0.0169344,H-2-Kb
GKSLFDDGL,0.0164477,H-2-Kb
LLLVIKLALV,0.0156499,H-2-Kb
LSPQQICSNF,0.0154565,H-2-Kb
SCPKPHRLTN,0.0152383,H-2-Kb
FRNDLQFGF,0.0141547,H-2-Kb
RAILNAPVA,0.0137634,H-2-Kb
NCSFNITTSI,0.0128798,H-2-Kb
YSMDHSKWGP,0.0128711,H-2-Kb
IGTSMKDVL,0.0118568,H-2-Kb
MHKMVEIPF,0.011605,H-2-Kb
FTIQNNTKL,0.0113956,H-2-Kb
PAMCNVYI,0.010781,H-2-Kb
IGDAQANTL,0.0106406,H-2-Kb
LSHSDYEYKV,0.010356,H-2-Kb
AAAGRAEQ,0.01,H-2-Kb
AEGADADD,0.01,H-2-Kb
AGHEVVGY,0.01,H-2-Kb
ANGSTGSA,0.01,H-2-Kb
ASGEYAASG,0.01,H-2-Kb
DAIVDEIK,0.01,H-2-Kb
DETDRNKHKQ,0.01,H-2-Kb
DPEKVKKIVN,0.01,H-2-Kb
DQSNKAVW,0.01,H-2-Kb
EPALLKTISDE,0.01,H-2-Kb
ERVVQKSPLFE,0.01,H-2-Kb
FDPALGNPNEE,0.01,H-2-Kb
FHFNHYLTRR,0.01,H-2-Kb
FIKNMITG,0.01,H-2-Kb
FYQLDIRKDVG,0.01,H-2-Kb
GIPVAVKR,0.01,H-2-Kb
GLFGVVRP,0.01,H-2-Kb
GTLNQDVIR,0.01,H-2-Kb
HITDTAGLRE,0.01,H-2-Kb
IDIGQTEL,0.01,H-2-Kb
ISDMLVIEA,0.01,H-2-Kb
ITSLSKYAPTL,0.01,H-2-Kb
KIKWKHPQDIK,0.01,H-2-Kb
KLLVNGGN,0.01,H-2-Kb
LDALKADYDA,0.01,H-2-Kb
AAAEAVSRGG,0.01,H-2-Kb
APRGVYVA,0.01,H-2-Kb
ATVIGRVEAGR,0.01,H-2-Kb
DISLHDTYY,0.01,H-2-Kb
DNACDRAD,0.01,H-2-Kb
DPETADIVHKA,0.01,H-2-Kb
EKAVVRLSE,0.01,H-2-Kb
EKPKLDKFKK,0.01,H-2-Kb
ERALLRIGEI,0.01,H-2-Kb
FEAGISKN,0.01,H-2-Kb
GIHVWHMPA,0.01,H-2-Kb
GVYLLPRRG,0.01,H-2-Kb
HVHHEGLAE,0.01,H-2-Kb
IFETTTYSF,0.01,H-2-Kb
KRNDEITLE,0.01,H-2-Kb
AEIEGEMGDS,0.01,H-2-Kb
CERFGCGYA,0.01,H-2-Kb
DKRSDSVRHYL,0.01,H-2-Kb
EEAKKGKVVI,0.01,H-2-Kb
ENIVKSLL,0.01,H-2-Kb
ESLSCGKLDKN,0.01,H-2-Kb
FFSLIFLSNSG,0.01,H-2-Kb
FRPKSGNSYT,0.01,H-2-Kb
GIIDGLSKI,0.01,H-2-Kb
GVNWDVLCGE,0.01,H-2-Kb
HVSPQTGSP,0.01,H-2-Kb
IIWLIAAGV,0.01,H-2-Kb
ILHLILWI,0.01,H-2-Kb
ILIILFPS,0.01,H-2-Kb
KDEFADSL,0.01,H-2-Kb
KDRILAET,0.01,H-2-Kb
KIGYNPAA,0.01,H-2-Kb
KLRDYENKI,0.01,H-2-Kb
KTCNITIYTVP,0.01,H-2-Kb
KVIAVGGGAKT,0.01,H-2-Kb
LDEDDQEVELR,0.01,H-2-Kb
LGLESGQR,0.01,H-2-Kb
LGVIMEVF,0.01,H-2-Kb
ASEITQYKQQ,0.01,H-2-Kb
ATDWSLPDD,0.01,H-2-Kb
AVLLLLSLP,0.01,H-2-Kb
AYLVYATLADA,0.01,H-2-Kb
CLADDYRE,0.01,H-2-Kb
DVINNWHLYK,0.01,H-2-Kb
EEAALAGR,0.01,H-2-Kb
EEFGWESF,0.01,H-2-Kb
EQNQEIFLHSG,0.01,H-2-Kb
FGLARQAD,0.01,H-2-Kb
FGWSMESP,0.01,H-2-Kb
FKEASATGAI,0.01,H-2-Kb
FVVKKNNEFN,0.01,H-2-Kb
GTPPPTGGA,0.01,H-2-Kb
GVASALGKP,0.01,H-2-Kb
ICIGSSCH,0.01,H-2-Kb
INALINAFHCH,0.01,H-2-Kb
IPKNPFADLTG,0.01,H-2-Kb
KFLIERLSI,0.01,H-2-Kb
KGFNDIEGHWA,0.01,H-2-Kb
KSQAETGE,0.01,H-2-Kb
LAAPTTFEER,0.01,H-2-Kb
LERAKGMLMKQ,0.01,H-2-Kb
AMTLSTSDANG,0.01,H-2-Kb
DFWKWNRDRN,0.01,H-2-Kb
DSSGSTEDSDE,0.01,H-2-Kb
EIELEQGTSA,0.01,H-2-Kb
FREIATLIPE,0.01,H-2-Kb
GALKTGLK,0.01,H-2-Kb
GSDSGQTANDP,0.01,H-2-Kb
GSKLELYDSS,0.01,H-2-Kb
IFSTDRKL,0.01,H-2-Kb
ITLIMIEK,0.01,H-2-Kb
KATNQQKKIEK,0.01,H-2-Kb
KVLADEDAPNF,0.01,H-2-Kb
LACLLASANV,0.01,H-2-Kb
SSVTSGDSV,0.00959206,H-2-Kb
RLLIWAYLSK,0.00953261,H-2-Kb
LTLTFTGC,0.00935899,H-2-Kb
LTSESIKL,0.00932791,H-2-Kb
CVTLNCKDV,0.00921435,H-2-Kb
MTIDAEQL,0.00818988,H-2-Kb
IAVQNWLAR,0.00805521,H-2-Kb
LHRFRTGEHL,0.00790755,H-2-Kb
SFSLESDSIK,0.00734696,H-2-Kb
ITAVNSLI,0.00730544,H-2-Kb
GPIGKLIAV,0.00689252,H-2-Kb
DAVRNTNEA,0.00637655,H-2-Kb
FLDTNTDAM,0.00637655,H-2-Kb
NSVKNSSSF,0.00637655,H-2-Kb
SSNAGLATM,0.00637655,H-2-Kb
SSNKNKNTM,0.00637655,H-2-Kb
AASQNYDLF,0.00554781,H-2-Kb
VGGLNRDPV,0.00531087,H-2-Kb
YSQVNKRYI,0.00454633,H-2-Kb
RWVRFGTMDA,0.00416807,H-2-Kb
EESVYKIL,0.00395622,H-2-Kb
GEDGNDIFL,0.00302309,H-2-Kb
GTPRLYQT,0.0020183,H-2-Kb
ILPKPTRK,0.00162232,H-2-Kb
YMTLGQVVF,0.00162232,H-2-Kb
GDDVFLQDL,0.0012789,H-2-Kb
YKVCLSGEGW,0.00111579,H-2-Kb
FQIDKKDKL,0.000603141,H-2-Kb
FAIKNTDDV,0.00055621,H-2-Kb
SCLNNDKEFE,0.000185032,H-2-Kb
AAPTNANSLNSTF,0,H-2-Kb
AEMEEALKG,0,H-2-Kb
AEWLWRTLGR,0,H-2-Kb
AFVRFSTDK,0,H-2-Kb
ALLIGAVVSV,0,H-2-Kb
AVYGNIKHK,0,H-2-Kb
CQPIPGDPI,0,H-2-Kb
DALLAQLYR,0,H-2-Kb
DANGVLKHSI,0,H-2-Kb
EMGKFAIEVF,0,H-2-Kb
ETPDRLTDQI,0,H-2-Kb
FCASDAKAYD,0,H-2-Kb
GAGMVKLTM,0,H-2-Kb
GEIKNCSFNI,0,H-2-Kb
GERFNVRKQL,0,H-2-Kb
GGDDFEAV,0,H-2-Kb
GLISCVINFV,0,H-2-Kb
ILCGLILFFV,0,H-2-Kb
ILLITAIFAV,0,H-2-Kb
IPLTADIDM,0,H-2-Kb
IVADDLTAA,0,H-2-Kb
LATCAEML,0,H-2-Kb
MPGGYCLEEW,0,H-2-Kb
MRGGVNTFLI,0,H-2-Kb
MTIREFPRK,0,H-2-Kb
MVIENGILK,0,H-2-Kb
NELVNPDVV,0,H-2-Kb
NLFSKNILK,0,H-2-Kb
NTVRSVEAI,0,H-2-Kb
NVLRNIENAV,0,H-2-Kb
QVGGNRELYI,0,H-2-Kb
RPNNNTRKSI,0,H-2-Kb
RSLKAFFSW,0,H-2-Kb
SARMLGDVM,0,H-2-Kb
SGGAGDDVL,0,H-2-Kb
SGLQVAGA,0,H-2-Kb
SRKYENAVW,0,H-2-Kb
TVLGLGLSLK,0,H-2-Kb
VIVADDLTA,0,H-2-Kb
VTMINTLEFI,0,H-2-Kb
VTNLISETLK,0,H-2-Kb
YGISSKLAM,0,H-2-Kb
AEQTGVSHNL,0,H-2-Kb
AGAEFLRSLD,0,H-2-Kb
ALLFFIVAL,0,H-2-Kb
ALLMLAISLV,0,H-2-Kb
CMTVQGGETM,0,H-2-Kb
DHVSTLLTW,0,H-2-Kb
DNVRNVENV,0,H-2-Kb
DVCKNFLK,0,H-2-Kb
FEMGIVPSHI,0,H-2-Kb
FTMGVLCL,0,H-2-Kb
GAFKVPGV,0,H-2-Kb
GGAGNDTLV,0,H-2-Kb
HGIDVTDLF,0,H-2-Kb
HICLLRPLLW,0,H-2-Kb
IQTPTKLMNK,0,H-2-Kb
KLFGTVDSL,0,H-2-Kb
KPFNNILNL,0,H-2-Kb
KQLEGLTYI,0,H-2-Kb
LGIRVYSQ,0,H-2-Kb
LSPQQVCYNF,0,H-2-Kb
LTKRSDLLRKL,0,H-2-Kb
MSDQSVPSF,0,H-2-Kb
NLIRNRDYI,0,H-2-Kb
NLLNNYDVL,0,H-2-Kb
NTEGNTITL,0,H-2-Kb
NYLKNKKSM,0,H-2-Kb
PGVNNLYFL,0,H-2-Kb
RALQGAQAV,0,H-2-Kb
RSRTLTAVH,0,H-2-Kb
SIINAEKA,0,H-2-Kb
SSLVDEFVVS,0,H-2-Kb
TGNKNKITI,0,H-2-Kb
VVNKNVERPM,0,H-2-Kb
YAPVSPIVI,0,H-2-Kb
YLALGVFLLIV,0,H-2-Kb
YLEGLIHEV,0,H-2-Kb
YSHGMDLADL,0,H-2-Kb
AITGNADNL,0,H-2-Kb
ALYRRIQRR,0,H-2-Kb
AQPGLTSSVI,0,H-2-Kb
CRIPVIVAD,0,H-2-Kb
CYNAVLTHV,0,H-2-Kb
DALLNKTQI,0,H-2-Kb
DGDMNIGVI,0,H-2-Kb
DMRDNWRSEL,0,H-2-Kb
DVKASMLEK,0,H-2-Kb
EVLYNMIDI,0,H-2-Kb
FAEASISLI,0,H-2-Kb
FGVGYGHDTI,0,H-2-Kb
FLHEMDVVSL,0,H-2-Kb
FLLASVYSV,0,H-2-Kb
FSLVLTNACE,0,H-2-Kb
GEEVQVIAV,0,H-2-Kb
GEIGAIALDF,0,H-2-Kb
GFLSDHDYV,0,H-2-Kb
GSLAEEEVVI,0,H-2-Kb
HAVGAQDVV,0,H-2-Kb
HNDEIMRMC,0,H-2-Kb
HQTMQLNGQI,0,H-2-Kb
IGHIGWETV,0,H-2-Kb
IVLFQRFLR,0,H-2-Kb
KSYSLIRPK,0,H-2-Kb
LILSCIFAFI,0,H-2-Kb
LLCGALIAFL,0,H-2-Kb
LMKNKIKELM,0,H-2-Kb
LTQNTHRM,0,H-2-Kb
LTTIAYEEEE,0,H-2-Kb
NGLAGNDVL,0,H-2-Kb
NTALAKCNLD,0,H-2-Kb
PLVVHRGGLW,0,H-2-Kb
RLFYTFFSY,0,H-2-Kb
SKLPNFEEI,0,H-2-Kb
SLDQGLVGL,0,H-2-Kb
SLIKEEILFV,0,H-2-Kb
SLTIKDSSNK,0,H-2-Kb
STPATTNAHC,0,H-2-Kb
SVANRSKQK,0,H-2-Kb
TENILTVLL,0,H-2-Kb
TLVGLAIGLVLL,0,H-2-Kb
VSTAQLKV,0,H-2-Kb
WTITDAVGND,0,H-2-Kb
YAVINRNVL,0,H-2-Kb
YAVQYRRKGG,0,H-2-Kb
YSIVLHIQLE,0,H-2-Kb
YSKRHFTLA,0,H-2-Kb
YSQAQKQTA,0,H-2-Kb
YVPMPCMI,0,H-2-Kb
AEGPFDLALD,0,H-2-Kb
ALGLGIVSL,0,H-2-Kb
ALLKNPQGI,0,H-2-Kb
ASTVNYGPN,0,H-2-Kb
ATEGFLEKI,0,H-2-Kb
ATLMKTSCSK,0,H-2-Kb
CAIRSKEDV,0,H-2-Kb
DALDNLAVL,0,H-2-Kb
DSPREIGSLLH,0,H-2-Kb
EGPRNQDWL,0,H-2-Kb
EVVQPENL,0,H-2-Kb
FLTSVINRV,0,H-2-Kb
FPVRPQVPL,0,H-2-Kb
FSNALGHDW,0,H-2-Kb
GQLVEVDTL,0,H-2-Kb
HHKLKNGEF,0,H-2-Kb
HPVHAGPIA,0,H-2-Kb
HVKINDKCP,0,H-2-Kb
ITSMAERF,0,H-2-Kb
KALLNHYPH,0,H-2-Kb
KHPKVKRV,0,H-2-Kb
KLLRNEWTL,0,H-2-Kb
KTPLTLVDICF,0,H-2-Kb
LAESLVGFLF,0,H-2-Kb
LGIIGHLL,0,H-2-Kb
LSIFNPCLI,0,H-2-Kb
LSLLPDWFA,0,H-2-Kb
LSREYEARQGK,0,H-2-Kb
LSTAIELGAW,0,H-2-Kb
LVKMINHLK,0,H-2-Kb
NALVRSYDI,0,H-2-Kb
NHCTYAGPF,0,H-2-Kb
PVLAVEIEI,0,H-2-Kb
SLQTIASKK,0,H-2-Kb
SVIGVQTTEI,0,H-2-Kb
TAPSSPPPYE,0,H-2-Kb
TLNHVLALK,0,H-2-Kb
TRTLGSFTW,0,H-2-Kb
TSPEKLPPGA,0,H-2-Kb
VILWGYSA,0,H-2-Kb
WTTYMDTFFR,0,H-2-Kb
YAGVNSTAE,0,H-2-Kb
YGGLGDDTL,0,H-2-Kb
YLIVFVLTI,0,H-2-Kb
YTPEDQSKL,0,H-2-Kb
AAALSPMEI,0,H-2-Kb
AALGRQDSI,0,H-2-Kb
AGAEFLKALD,0,H-2-Kb
ALLQQQLSSV,0,H-2-Kb
ATSIYTIER,0,H-2-Kb
CDWTFSGIVN,0,H-2-Kb
CHQGINNKL,0,H-2-Kb
CRTSIVGRAW,0,H-2-Kb
DHVKNIENL,0,H-2-Kb
EEIRNLAL,0,H-2-Kb
EQFENKTI,0,H-2-Kb
EQLANSDGL,0,H-2-Kb
FELKNSTTI,0,H-2-Kb
FRTAFGGKY,0,H-2-Kb
FRTLIEFHY,0,H-2-Kb
HGLRNSQFV,0,H-2-Kb
HTIQNGDYF,0,H-2-Kb
ISIRPRVTK,0,H-2-Kb
ITPDNFSQIIK,0,H-2-Kb
KHDLMMGYAW,0,H-2-Kb
KLYEELCDL,0,H-2-Kb
KSKRNDGDLDK,0,H-2-Kb
LASANRDVL,0,H-2-Kb
LATNNSQFI,0,H-2-Kb
LHKIRPHL,0,H-2-Kb
LLAKREVPTV,0,H-2-Kb
LLILGLIFFV,0,H-2-Kb
LLPDALLF,0,H-2-Kb
LLQEMVEYV,0,H-2-Kb
LMKQKCLKGW,0,H-2-Kb
LNLGNLADI,0,H-2-Kb
LPQFATAAT,0,H-2-Kb
LQLTGGTVE,0,H-2-Kb
MFTRLIEDYF,0,H-2-Kb
MYQSVMDGKM,0,H-2-Kb
NLFDIPLLTV,0,H-2-Kb
NSIPSSPPV,0,H-2-Kb
NSLISDQLL,0,H-2-Kb
QSKYCHGILLK,0,H-2-Kb
RGFCFITF,0,H-2-Kb
RGGLGLDTL,0,H-2-Kb
RKFFSENDW,0,H-2-Kb
RLLLNRFTM,0,H-2-Kb
SDVTNRLEI,0,H-2-Kb
SGHVFITAKH,0,H-2-Kb
SITPRTLV,0,H-2-Kb
SSGGDPEIVM,0,H-2-Kb
SSLAHGHTA,0,H-2-Kb
TFFSYLMKDK,0,H-2-Kb
TVPANGTTV,0,H-2-Kb
VPFVVFLVA,0,H-2-Kb
VSTCITSMAE,0,H-2-Kb
YAPPIRGQIR,0,H-2-Kb
YLGDEILEV,0,H-2-Kb
YPNLNDLERL,0,H-2-Kb
